organization organization_new
"free univ berlin" "free berlin univ"
"med univ klin freiburg" "med klin freiburg univ"
"johannes gutenberg univ mainz" "johannes gutenberg mainz univ"
"chirurg univ klin freiburg" "freiburg univ"
"univ freiburg" "freiburg univ"
"univ klinikum freiburg i br" "freiburg univ"
"univ klinikum heidelberg" "klinikum heidelberg univ"
"univ marburg" "marburg univ"
"univ klin kinder & jugendmed tubingen" "klin kinder jugendmed tubingen univ"
"univ klin kinder & jugendmed" "klin kinder jugendmed univ"
"univ klinder & jugendklin rostock" "klinder jugendklin rostock univ"
"univ giessen" "giessen univ"
"tech univ kaiserslautern" "tech kaiserslautern univ"
"univ dusseldorf" "dusseldorf univ"
"univ gottingen" "gottingen univ"
"univ tubingen" "tubingen univ"
"univ klinikum giessen & marburg" "klinikum giessen marburg univ"
"orthopad univ klin friedrichsheim ggmbh" "orthopad klin friedrichsheim ggmbh univ"
"ruhr univ bochum" "ruhr bochum univ"
"univ klinikum hamburg eppendorf" "klinikum hamburg eppendorf univ"
"univ ulm" "ulm univ"
"univ duisburg essen" "duisburg essen univ"
"otto von guericke univ" "otto von guericke univ"
"univ rostock" "rostock univ"
"univ med gottingen" "med gottingen univ"
"leibniz univ hannover" "leibniz hannover univ"
"univ hamburg" "hamburg univ"
"univ trier" "trier univ"
"univ wurzburg" "wurzburg univ"
"univ bielefeld" "bielefeld univ"
"univ hildesheim" "hildesheim univ"
"tech univ braunschweig" "tech braunschweig univ"
"univ stuttgart" "stuttgart univ"
"univ saarland" "saarland univ"
"univ med mannheim" "med mannheim univ"
"univ leipzig" "leipzig univ"
"univ klin erlangen" "klin erlangen univ"
"univ leipzig herzzentrum leipzig" "leipzig herzzentrum leipzig univ"
"univ klinikum tubingen" "tubingen univ"
"univ ulm klinikum" "ulm klinikum univ"
"univ klinikums essen" "klinikums essen univ"
"univ heidelberg" "heidelberg univ"
"goethe univ frankfurt" "goethe frankfurt univ"
"med univ klin heidelberg" "med klin heidelberg univ"
"univ bayreuth" "bayreuth univ"
"univ kiel" "kiel univ"
"tech univ carolo wilhelmina braunschweig" "tech carolo wilhelmina braunschweig univ"
"univ bremen" "bremen univ"
"tech univ clausthal" "tech clausthal univ"
"univ frauenklin heidelberg" "frauenklin heidelberg univ"
"univ frauenklin bonn" "frauenklin bonn univ"
"univ klinikum leipzig" "klinikum leipzig univ"
"univ klinikum regensburg" "klinikum regensburg univ"
"univ klinikum jena" "klinikum jena univ"
"med univ klin tubingen" "med klin tubingen univ"
"med univ klin" "med klin univ"
"univ klin heidelberg" "klin heidelberg univ"
"univ freiburg klinikum" "freiburg klinikum univ"
"univ maastricht" "maastricht univ"
"univ klin koln" "klin koln univ"
"klinikum eberhard karls univ tubingen" "klinikum eberhard karls tubingen univ"
"charite univ med berlin" "charite med berlin univ"
"univ klinikum leipzig aor" "klinikum leipzig aor univ"
"chirurg univ klin rostock" "chirurg klin rostock univ"
"chirurg univ klin" "chirurg klin univ"
"klinikum bayer julius maximilians univ" "klinikum bayer julius maximilians univ"
"univ klinikum rostock" "klinikum rostock univ"
"univ osnabruck" "osnabruck univ"
"tech univ munich" "tech munich univ"
"tech univ darmstadt" "tech darmstadt univ"
"univ klinikum erlangen" "klinikum erlangen univ"
"univ bonn" "bonn univ"
"univ munich" "munich univ"
"univ klinikum koln" "klinikum koln univ"
"univ klinikum marburg" "klinikum marburg univ"
"univ giessen klinikum" "giessen klinikum univ"
"klinikum univ munchen" "klinikum munchen univ"
"klinikum univ wurzburg" "klinikum wurzburg univ"
"bg univ kliniken bergmannsheil bochum" "bg kliniken bergmannsheil bochum univ"
"univ erlangen nurnberg" "erlangen nurnberg univ"
"univ klin kinderheilkunde & jugendmed tubingen" "klin kinderheilkunde jugendmed tubingen univ"
"univ halle wittenberg" "halle wittenberg univ"
"univ lubeck" "lubeck univ"
"univ klin bonn" "klin bonn univ"
"univ klin mannheim" "klin mannheim univ"
"univ klinikum magdeburg" "klinikum magdeburg univ"
"univ klinikum freiburg" "freiburg klinikum univ"
"ernst moritz arndt univ greifswald" "ernst moritz arndt greifswald univ"
"univ klin freiburg" "klin freiburg univ"
"univ klinikum freiburg ibr" "klinikum freiburg ibr univ"
"univ brustzentrum" "brustzentrum univ"
"univ klinikum munster" "klinikum munster univ"
"univ klin bergmannsheil bochum" "klin bergmannsheil bochum univ"
"berg univ wuppertal" "berg wuppertal univ"
"univ karlsruhe" "karlsruhe univ"
"klinikum ludwig maximilians univ munchen" "klinikum ludwig maximilians munchen univ"
"univ kliniku dusseldorf" "kliniku dusseldorf univ"
"klinikum univ regensburg" "klinikum regensburg univ"
"univ kaiserslautern" "kaiserslautern univ"
"humboldt univ" "humboldt univ"
"aachen univ hosp" "aachen hosp univ"
"univ charite berlin" "charite berlin univ"
"erlangen univ" "erlangen univ"
"univ heidelberg mannheim" "goethe frankfurt univ"
"univ cologne" "cologne univ"
"univ munster" "munster univ"
"univ hosp magdeburg" "hosp magdeburg univ"
"med univ bonn" "med bonn univ"
"brandenburg tech univ cottbus" "brandenburg tech cottbus univ"
"med univ lubeck" "lubeck univ"
"univ jena" "jena univ"
"carl vonossietzky univ oldenburg" "carl vonossietzky oldenburg univ"
"univ kassel" "kassel univ"
"tech univ chemnitz" "tech chemnitz univ"
"carl von ossietzky univ oldenburg" "carl von ossietzky oldenburg univ"
"univ siegen" "siegen univ"
"cvo univ" "cvo univ"
"univ appl sci magdeburg stendal" "appl sci magdeburg stendal univ"
"univ karlsruhe th" "karlsruhe th univ"
"tech univ dresden" "tech dresden univ"
"ludwig maximilians univ munchen" "ludwig maximilians munchen univ"
"braunschweig univ technol comp sci" "braunschweig technol comp sci univ"
"univ med berlin" "med berlin univ"
"univ klin hamburg eppendorf" "klin hamburg eppendorf univ"
"univ vet med hannover" "vet med hannover univ"
"univ childrens hosp" "childrens hosp univ"
"tech univ berlin" "tech berlin univ"
"otto vonguericke univ magdegurg an inst" "otto vonguericke magdegurg an inst univ"
"univ klinikum aachen" "klinikum aachen univ"
"univ klinikum rwth aachen" "klinikum aachen univ"
"palliat & schmerzmed bg univ klinikum" "palliat schmerzmed bg klinikum univ"
"klinikum heinrich heine univ dusseldorf" "klinikum dusseldorf univ"
"univ klinikum dusseldorf" "klinikum dusseldorf univ"
"univ klinikum schleswig holstein" "klinikum schleswig holstein univ"
"klinikum johannes gutenberg univ" "klinikum johannes gutenberg univ"
"univ gh paderborn" "gh paderborn univ"
"heinrich heine univ hosp duesseldorf" "dusseldorf univ"
"univ hohenheim" "hohenheim univ"
"univ potsdam" "potsdam univ"
"univ appl sci muenster" "appl sci muenster univ"
"tech univ dortmund" "tech dortmund univ"
"univ regensburg" "regensburg univ"
"rhein freidrich wilhelms univ bonn" "bonn univ"
"univ heidelberg zah" "heidelberg zah univ"
"univ koblenz landau" "koblenz landau univ"
"univ klinikums dusseldorf" "dusseldorf univ"
"klinikums albert ludwigs univ freiburg br" "freiburg klinikum univ"
"univ klinikum gottingen" "med gottingen univ"
"univ saarlandes kliniken" "saarland univ"
"univ med mainz" "med mainz univ"
"univ klinikum wurzburg" "klinikum wurzburg univ"
"otto vonguericke univ magdegurg" "otto vonguericke magdegurg univ"
"tech univ ilmenau" "tech ilmenau univ"
"martin luther univ halle saale" "martin luther halle saale univ"
"fb med philipps univ" "fb med philipps univ"
"bond univ" "bond univ"
"univ breast ctr" "breast ctr univ"
"univ hosp erlangen" "hosp erlangen univ"
"lausitz univ appl sci" "lausitz appl sci univ"
"lehrabt paracelsus med univ salzburg" "lehrabt paracelsus med salzburg univ"
"univ magdeburg" "magdeburg univ"
"psychiat univ klin erlangen" "psychiat klin erlangen univ"
"univ paderborn" "paderborn univ"
"tech univ" "tech univ"
"charite univ med ctr" "med berlin univ"
"charite univ med ctr berlin" "med berlin univ"
"univ med ctr hamburg eppendorf" "med ctr hamburg eppendorf univ"
"univ cooperat educ" "cooperat educ univ"
"univ bochum" "bochum univ"
"univ appl sci tfh" "appl sci tfh univ"
"univ appl sci" "appl sci univ"
"tech berlin univ appl sci" "tech berlin appl sci univ"
"univ hosp bochum" "hosp bochum univ"
"univ tubingen hosp" "tubingen hosp univ"
"bergmannsheil univ hosp" "bergmannsheil hosp univ"
"inst ruhr univ bochum" "inst ruhr bochum univ"
"bielefeld & munster univ" "bielefeld munster univ"
"univ konstanz" "konstanz univ"
"bavarian julius maximilians univ wurzburg" "wurzburg univ"
"univ munich lmu" "munich lmu univ"
"ema univ greifswald" "ema greifswald univ"
"univ hosp jena" "jena univ"
"paracelsus univ salzburg" "paracelsus salzburg univ"
"univ dresden" "dresden univ"
"univ planegg martinsried" "planegg martinsried univ"
"julius maximilians univ wurzburg" "julius maximilians wurzburg univ"
"private univ witten herdecke" "private witten herdecke univ"
"ze freie univ berlin" "free berlin univ"
"univ hosp hamburg eppendorf" "hosp hamburg eppendorf univ"
"univ hosp kiel" "hosp kiel univ"
"univ hosp schleswig holstein" "hosp kiel univ"
"jacobs univ" "jacobs univ"
"univ hosp" "hosp univ"
"georg august univ goettingen" "gottingen univ"
"univ hosp rwth" "hosp rwth univ"
"rwth aachen univ hosp" "rwth aachen hosp univ"
"univ augsburg" "augsburg univ"
"dusseldorf univ hosp" "dusseldorf univ"
"univ hosp munich" "hosp munich univ"
"charite med univ berlin" "charite med berlin univ"
"charite med univ ctr" "charite med ctr univ"
"charite univ med berlin bcrt" "charite med berlin bcrt univ"
"univ hosp mannheim" "hosp mannheim univ"
"univ clin schleswig holstein" "clin schleswig holstein univ"
"univ med ctr freiburg" "med ctr freiburg univ"
"schleswig holstein univ hosp" "schleswig holstein hosp univ"
"univ tecn brandenburgo cottbus" "tecn brandenburgo cottbus univ"
"hosp ruhr univ" "hosp ruhr univ"
"univ appl sci stralsund" "appl sci stralsund univ"
"tech univ hamburg" "tech hamburg univ"
"univ aachen" "aachen univ"
"univ clin essen" "clin essen univ"
"univ hosp duesseldorf" "hosp duesseldorf univ"
"univ clin ctr charite berlin" "clin ctr charite berlin univ"
"charite med univ hosp" "charite med hosp univ"
"univ hosp saarland" "hosp saarland univ"
"univ clin wuerzburg" "clin wuerzburg univ"
"univ gesamthsch paderborn" "paderborn univ"
"univ bw munich" "bw munich univ"
"brandenburg univ technol btu" "brandenburg technol btu univ"
"bauhaus univ weimar" "bauhaus weimar univ"
"univ mannheim" "mannheim univ"
"univ passau" "passau univ"
"univ hagen" "hagen univ"
"univ wuppertal" "wuppertal univ"
"rwth univ" "rwth univ"
"hosp goethe univ" "hosp goethe univ"
"univ constance" "constance univ"
"univ appl sci aachen" "appl sci aachen univ"
"univ vechta" "vechta univ"
"dortmund univ technol" "dortmund technol univ"
"univ witten herdecke" "witten herdecke univ"
"univ magdeburg otto von guericke" "magdeburg univ"
"catholic univ eichstatt ingolstadt" "catholic eichstatt ingolstadt univ"
"univ berlin" "berlin univ"
"berlin univ technol" "tech berlin univ"
"friedrich alexander univ erlangen nuremberg" "erlangen nurnberg univ"
"univ hosp wurzburg" "hosp wurzburg univ"
"free & humboldt univ" "free berlin univ"
"med univ berlin" "med berlin univ"
"univ med" "med univ"
"univ med ctr" "med ctr univ"
"hosp univ berlin" "hosp berlin univ"
"humboldt & freie univ berlin" "humboldt freie berlin univ"
"free & humboldt univ berlin" "free humboldt berlin univ"
"campus benjamin franklin univ hosp" "hosp univ"
"univ hosp benjamin franklin" "hosp benjamin franklin univ"
"humboldt univ med" "humboldt med univ"
"med univ hosp" "med hosp univ"
"univ hosp berlin" "hosp berlin univ"
"univ med sch berlin" "med sch berlin univ"
"univ hosp rwth aachen" "hosp rwth aachen univ"
"datteln witten herdecke univ" "datteln witten herdecke univ"
"univ giessen marburg" "giessen marburg univ"
"nurnberg univ" "nurnberg univ"
"goethe univ" "goethe univ"
"univ klinikum mannheim" "med mannheim univ"
"univ klinikum albert ludwigs univ" "klinikum albert ludwigs univ"
"univ kliniken koln" "kliniken koln univ"
"univ hosp cologne" "cologne univ"
"univ hosp dresden" "hosp dresden univ"
"univ essen gesamthsch" "essen gesamthsch univ"
"univ hosp regensburg" "hosp regensburg univ"
"univ hosp essen" "hosp essen univ"
"univ hosp munster" "hosp munster univ"
"univ hosp frankfurt" "hosp frankfurt univ"
"univ hosp bonn" "hosp bonn univ"
"jw goethe univ hosp frankfurt" "hosp frankfurt univ"
"univ clin munich" "clin munich univ"
"univ hosp frankfurt main" "hosp frankfurt main univ"
"jw goethe univ hosp" "jw goethe hosp univ"
"johann wolfgang goethe univ hosp frankfurt" "jw goethe hosp frankfurt univ"
"univ schleswig holstein" "schleswig holstein univ"
"univ vet med" "vet med univ"
"univ vet med hanover" "vet med univ"
"univ clin hamburg" "clin hamburg univ"
"univ clin mainz" "clin mainz univ"
"univ clin rostock" "clin rostock univ"
"univ aachen aalz" "aachen aalz univ"
"univ teaching hosp" "teaching hosp univ"
"carl gustav carus univ hosp" "carl gustav carus hosp univ"
"johannes gutenberg univ hosp" "hosp mainz univ"
"univ hosp mainz" "hosp mainz univ"
"univ heart ctr hamburg" "heart ctr hamburg univ"
"univ hosp schleswig holstein uksh" "hosp schleswig holstein uksh univ"
"ernst moritz arndt univ hosp greifswald" "ernst moritz arndt hosp greifswald univ"
"med univ hanover" "med hanover univ"
"johann wolfgang goethe univ hosp" "johann wolfgang goethe hosp univ"
"univ hosp halle saale" "hosp halle saale univ"
"univ hosp ulm" "hosp ulm univ"
"univ clin munster" "clin munster univ"
"univ hosp charite" "hosp charite univ"
"friedrich schiller univ" "friedrich schiller univ"
"univ med ctr mainz" "med ctr mainz univ"
"saarland univ hosp" "saarland univ"
"univ heidelberg hosp" "heidelberg hosp univ"
"univ frankfurt main" "frankfurt main univ"
"univ hamburg hosp" "hamburg hosp univ"
"med univ schleswig holstein" "med schleswig holstein univ"
"erlangen univ hosp" "erlangen hosp univ"
"univ clin giessen marburg" "clin giessen marburg univ"
"univ clin tuebingen" "clin tuebingen univ"
"univ clin saarland" "clin saarland univ"
"univ hosp freiburg" "hosp freiburg univ"
"univ childrens hosp tuebingen" "childrens hosp tuebingen univ"
"univ hosp carl gustav carus" "hosp carl gustav carus univ"
"univ clin duesseldorf" "clin duesseldorf univ"
"univ witten merdecke" "witten merdecke univ"
"cologne univ appl sci" "cologne appl sci univ"
"univ klin tuebingen" "klin tuebingen univ"
"univ hno klin wuerzburg" "hno klin wuerzburg univ"
"univ kilinikum regensburg" "kilinikum regensburg univ"
"univ appl sci jena" "appl sci jena univ"
"univ appl sci luebeck" "appl sci luebeck univ"
"hamburg eppendorf univ hosp" "hamburg eppendorf hosp univ"
"univ clin goettingen" "clin gottingen univ"
"univ clin gottingen" "clin gottingen univ"
"univ hosp freiburg i br" "hosp freiburg i br univ"
"univ technol tatzberg" "tech dresden univ"
"hamburg eppendorf med univ" "hamburg eppendorf med univ"
"univ hosp grosshadern" "hosp grosshadern univ"
"univ hosp eppendorf" "hosp eppendorf univ"
"regensburg univ hosp" "hosp regensburg univ"
"tech univ dresden gmbh" "tech dresden gmbh univ"
"univ hosp tuebingen" "hosp tuebingen univ"
"univ med ctr hamburg eppendorf uke" "med ctr hamburg eppendorf uke univ"
"univ womans hosp tubingen" "womans hosp tubingen univ"
"charite univ med ctr benjamin franklin" "charite med ctr benjamin franklin univ"
"jacobs univ bremen" "jacobs bremen univ"
"univ klinikum d3" "klinikum d univ"
"otto friedrich univ bamberg" "otto friedrich bamberg univ"
"tech univ muenchen" "tech muenchen univ"
"univ klinikum aor" "klinikum aor univ"
"klinikum univ koln" "klinikum koln univ"
"univ clin bonn" "clin bonn univ"
"tech univ munchen weihenstephan" "tech munich univ"
"univ med ctr regensburg" "regensburg univ"
"univ oslo" "oslo univ"
"duisburg essen univ" "duisburg essen univ"
"ilmenau univ technol" "tech ilmenau univ"
"univ cologne cmmc" "cologne univ"
"frankfurt univ hosp" "frankfurt hosp univ"
"univ childrens hosp cologne" "cologne univ"
"univ med ctr eppendorf" "med ctr eppendorf univ"
"univ hosp gottingen" "hosp gottingen univ"
"univ appl sci giessen friedberg" "appl sci giessen friedberg univ"
"goethe univ hosp" "goethe hosp univ"
"univ clin grosshadern" "munich univ"
"univ hosp hamburg eppendorf uke" "hosp hamburg eppendorf uke univ"
"univ eye hosp" "tubingen univ"
"univ childrens hosp heidelberg" "heidelberg univ"
"childrens univ hosp saarland" "childrens hosp saarland univ"
"german sport univ cologne" "german sport cologne univ"
"univ med ctr hamburg eppendotf" "med ctr hamburg eppendotf univ"
"univ med ctr hamburg eppendorf hamburg" "med ctr hamburg eppendorf hamburg univ"
"univ augenklin munchen" "augenklin munchen univ"
"leuphana univ luneburg" "leuphana luneburg univ"
"univ clin tubingen" "clin tubingen univ"
"univ goettingen buesgenweg" "goettingen buesgenweg univ"
"univ clin erlangen" "clin erlangen univ"
"justus liebig univ" "giessen univ"
"anhalt univ appl sci" "anhalt appl sci univ"
"cologne merheim med ctr univ" "cologne merheim med ctr univ"
"univ hosp duisberg essen" "hosp duisberg essen univ"
"brandenburg univ technol btu cottbus" "brandenburg tech cottbus univ"
"univ fed armed forces" "fed armed forces univ"
"aachen univ appl sci" "aachen appl sci univ"
"univ appl sci bingen" "appl sci bingen univ"
"univ hosp rostock" "hosp rostock univ"
"friedrich alexander univ hosp erlangen" "hosp erlangen univ"
"univ hosp giessen & marburg" "hosp giessen marburg univ"
"univ goettingen" "goettingen univ"
"univ med ctr mannheim" "med ctr univ"
"clin univ munich" "munich univ"
"univ hosp munich campus grosshadern" "munich univ"
"univ hosp munich lmu" "munich univ"
"univ uem" "uem univ"
"univ hosp marburg" "marburg univ"
"carl gustav carus tech univ" "carl gustav carus tech univ"
"friedrich schiller univ hosp" "jena univ"
"univ hosp leipzig" "hosp leipzig univ"
"munich univ hosp" "munich hosp univ"
"univ hosp muenster" "hosp univ"
"univ med ctr schleswig holstein" "hosp schleswig holstein univ"
"univ hop mannheim" "hop mannheim univ"
"univ giessen klinikum & marburg" "giessen klinikum marburg univ"
"univ klinikum saarlandes" "klinikum saarlandes univ"
"intens care & pain therapy univ saarland" "intens care pain therapy saarland univ"
"univ aalen" "aalen univ"
"univ duesseldorf" "duesseldorf univ"
"lubeck univ" "lubeck univ"
"univ hosp aachen" "hosp rwth univ"
"univ med goettingen" "gottingen univ"
"univ homburg saar" "saarland univ"
"univ canc ctr hamburg eppendorf ucch" "hosp hamburg eppendorf univ"
"bonn univ hosp" "bonn hosp univ"
"rwth univ hosp aachen" "hosp aachen univ"
"univ hosp dusseldorf" "dusseldorf univ"
"univ hosp wuerzburg" "wurzburg univ"
"charite freie univ berlin" "charite freie berlin univ"
"univ hosp greifswald" "hosp greifswald univ"
"jena univ hosp" "jena univ"
"univ med ctr jena" "jena univ"
"hosp philipps univ" "hosp philipps univ"
"univ clin giessen" "clin giessen univ"
"justus liebig univ giessen" "giessen univ"
"tech univ munich weihenstephan" "tech munich weihenstephan univ"
"reutlingen univ" "reutlingen univ"
"hafencity univ hamburg" "hafencity hamburg univ"
"univ appl sci anhalt" "appl sci anhalt univ"
"univ appl sci esslingen" "appl sci esslingen univ"
"univ osnabrueck" "osnabruck univ"
"tech hsch rwth univ aachen" "tech hsch rwth aachen univ"
"jacobs bremen univ" "jacobs univ"
"univ montenegro" "montenegro univ"
"univ hosp lmu" "hosp lmu univ"
"univ stuttgart hohenheim" "hohenheim univ"
"clin goethe univ" "clin goethe univ"
"furtwangen univ" "furtwangen univ"
"beuth univ appl sci" "beuth appl sci univ"
"cimh mannheim univ heidelberg" "cimh mannheim heidelberg univ"
"univ appl sci kaiserslautern zweibrucken" "appl sci univ"
"mannheim univ appl sci" "mannheim appl sci univ"
"julius maximilians univ wuerzburg" "wurzburg univ"
"univ hosp duisburg essen" "hosp duisburg essen univ"
"univ hosp schleswig holstein campus kiel" "med ctr schleswig holstein univ"
"univ clin heidelberg" "heidelberg univ"
"lm univ hosp" "munich univ"
"ludwig maximilians univ hosp" "munich univ"
"univ freiberg" "freiberg univ"
"univ med ctr goettingen" "marburg univ"
"med univ hosp heidelberg" "heidelberg univ"
"med univ klin wurzburg" "med klin wurzburg univ"
"univ clin giessen & marburg" "clin giessen marburg univ"
"univ klinikum charite" "klinikum charite univ"
"wuppertal univ witten herdecke" "wuppertal witten herdecke univ"
"univ klinikum essen duisburg" "klinikum essen duisburg univ"
"univ clin duisburg essen" "clin essen univ"
"ruhr univ hosp" "ruhr hosp univ"
"philipps univ" "marburg univ"
"rwth aachen univ med sch" "rwth aachen med sch univ"
"clausthal univ technol" "clausthal technol univ"
"philipps univ marburg" "marburg univ"
"lmu univ munich" "munich univ"
"munich univ lmu" "munich univ"
"friedrich alexander univ" "erlangen nurnberg univ"
"hamburg univ technol" "hamburg technol univ"
"univ appl sci munster" "appl sci munster univ"
"univ technol rwth aachen" "technol rwth aachen univ"
"univ clin wurzburg" "wurzburg univ"
"stuttgart univ appl sci" "stuttgart appl sci univ"
"univ hosp neurol" "heidelberg univ"
"julius maximilians univ" "julius maximilians univ"
"georg august univ" "gottingen univ"
"univ med ctr gottingen" "gottingen univ"
"furtwangen univ appl sci" "furtwangen appl sci univ"
fernuniv "fern univ"
"univ bundeswehr munchen" "bundeswehr munchen univ"
"bonn rhein sieg univ appl sci" "bonn rhein sieg appl sci univ"
"univ appl sci braunschweig wolfenbuettel" "appl sci braunschweig wolfenbuettel univ"
"tu dortmund univ" "tu dortmund univ"
"clausthal univ" "clausthal univ"
"univ appl sci konstanz" "appl sci konstanz univ"
"childrens univ hosp" "freiburg univ"
"rwth univ hosp" "rwth hosp univ"
"univ appl sci htw" "appl sci htw univ"
"univ suttgart" "suttgart univ"
"zeppelin univ" "zeppelin univ"
"charite univ clin berlin" "hosp charite univ"
"univ klinikum carl gustav carus" "tech dresden univ"
"univ hosp heidelberg" "heidelberg univ"
"univ hosp luebeck" "lubeck univ"
"univ clin regensburg" "regensburg univ"
"med univ wuerzburg" "wurzburg univ"
"biederstein & tech univ" "biederstein tech univ"
"berlin univ med" "berlin med univ"
"univ giessen & marburg" "giessen marburg univ"
"univ clin" "clin univ"
"univ frankfurt hosp" "frankfurt hosp univ"
"clin johann wolfgang goethe univ" "clin johann wolfgang goethe univ"
"rheinmain univ appl sci" "rheinmain appl sci univ"
"univ med ctr heidelberg" "heidelberg univ"
"leipzig univ hosp" "leipzig hosp univ"
"univ hosp schleswig holstein campus" "hosp schleswig holstein univ"
"schleswig holstein univ clin" "schleswig holstein clin univ"
"freiberg univ min & technol" "freiberg min technol univ"
"jw goethe univ frankfurt" "goethe frankfurt univ"
"goethe univ frankfurt main" "goethe frankfurt main univ"
"bamberg univ" "bamberg univ"
"univ bamberg" "bamberg univ"
"fernuniv hagen" "hagen univ"
"tum munich univ technol" "tum munich technol univ"
"helmut schmidt univ univ fed armed forces" "helmut schmidt fed armed forces univ"
"munich univ appl sci" "munich appl sci univ"
"univ appl sci deggendorf" "appl sci deggendorf univ"
"univ appl sci dresden" "appl sci dresden univ"
"helmut schmidt univ" "helmut schmidt univ"
"univ appl sci saarland" "appl sci saarland univ"
"darmstadt univ appl sci" "tech darmstadt univ"
"westcoast univ appl sci" "westcoast appl sci univ"
"univ appl sci munich" "appl sci munich univ"
"univ med clin" "med clin univ"
"univ hosp hannover" "hosp hannover univ"
"tech univ bergakad freiberg" "tech bergakad freiberg univ"
"univ appl sci emden leer" "appl sci emden leer univ"
"univ appl sci wildau berlin" "appl sci wildau berlin univ"
"univ appl sci wilhelmshaven oldenburg elsfleth" "appl sci wilhelmshaven oldenburg elsfleth univ"
"univ appl sci gelsenkirchen" "appl sci gelsenkirchen univ"
"univ appl sci bielefeld" "appl sci bielefeld univ"
"regensburg univ med ctr" "regensburg univ"
"univ eye hosp muenster" "eye hosp univ"
"orthoped univ hosp heidelberg" "orthoped hosp heidelberg univ"
"univ eye hosp tubingen" "eye hosp tubingen univ"
"helmut schmidt univ hamburg" "helmut schmidt hamburg univ"
"fulda univ appl sci" "fulda appl sci univ"
"univ appl sci fulda" "fulda appl sci univ"
"univ klinikums leipzig" "klinikums leipzig univ"
"christian albrecht univ kiel" "christian albrecht kiel univ"
"univ appl sci wiesbaden" "appl sci wiesbaden univ"
"univ heart ctr" "heart ctr univ"
"med univ freiburg" "med freiburg univ"
"med univ tubingen" "med tubingen univ"
"univ childrens hosp dusseldorf" "childrens hosp univ"
"univ childrens hosp tubingen" "childrens hosp tubingen univ"
"childrens univ clin" "childrens clin univ"
"munster univ childrens hosp" "hosp muenster univ"
"univ childrens hosp rostock" "childrens hosp rostock univ"
"univ childrens hosp freiburg" "childrens hosp freiburg univ"
"univ med ctr dusseldorf" "med ctr dusseldorf univ"
"philipps univ hosp" "philipps hosp univ"
"muenster univ hosp" "munster univ"
"wurzburg univ hosp" "wurzburg hosp univ"
"univ hosp 1 essen" "hosp essen univ"
"univ clin cologne" "cologne univ"
"univ wuerzburg hosp" "wuerzburg hosp univ"
"charity univ hosp" "charity hosp univ"
"univ technol berlin" "technol berlin univ"
"univ educ heidelberg" "heidelberg univ"
"univ koblenz" "koblenz univ"
"tech univ freiberg" "tech freiberg univ"
"univers hosp erlangen" "erlangen hosp univ"
"univ med ctr frankfurt" "goethe frankfurt univ"
"univ munich grosshadern" "munich grosshadern univ"
"univ clin halle saale" "clin halle saale univ"
"univ med ctr kiel" "kiel univ"
"munster univ hosp" "munster hosp univ"
"charite campus virchow univ hosp" "charite campus virchow hosp univ"
"ludwig maximilians univ hosp munich" "ludwig maximilians hosp munich univ"
"womans univ hosp heidelberg" "heidelberg univ"
"univ clin freiburg" "clin freiburg univ"
"heinrich heine univ" "dusseldorf univ"
"heidelberg univ hosp internal med" "heidelberg hosp internal med univ"
"munich univ clin" "munich clin univ"
"univ klinikum giessen & marburg gmbh" "klinikum giessen marburg gmbh univ"
"justus liebig univ hosp" "justus liebig hosp univ"
"wuerzburg univ hosp" "hosp wurzburg univ"
"univ childrens hosp essen" "childrens hosp essen univ"
"univ childrens hosp iii" "goethe frankfurt univ"
"freiburg univ hosp" "freiburg univ"
"univ hosp giessen & marburg gmbh" "hosp giessen marburg gmbh univ"
"univ klin" "klin univ"
"deutsch telekom univ appl sci" "deutsch telekom appl sci univ"
"friedensau univ" "friedensau univ"
"univ appl sci neubrandenburg" "appl sci neubrandenburg univ"
"munster univ appl sci" "munster appl sci univ"
"univ educ" "educ univ"
"rheinisch westfael tech hsch univ hosp aachen" "aachen univ"
"freie univ" "freie univ"
"univ heidelbergand" "heidelberg univ"
"klinikum univ ludwig mazimilans munich" "klinikum ludwig mazimilans munich univ"
"klinikum ludwig maximilians univ munich" "munich univ"
"klinikum univ munich" "munich univ"
"hamburg univ appl sci" "hamburg univ"
"univ appl sci kaiserslautern" "appl sci kaiserslautern univ"
"univ klin & poliklin innere med 1" "klin poliklin innere med univ"
"univ dortmund" "dortmund univ"
"univ klin knappschaftskrankenhaus" "bochum univ"
"dresden univ" "dresden univ"
"univ hosp homburg" "hosp homburg univ"
"martin luther univ halle wittenberg" "halle wittenberg univ"
"univ med ctr ulm" "ulm univ"
"univ hosp carl gustav carus dresden" "hosp carl gustav carus dresden univ"
"hosp johann wolfgang goethe univ frankfurt am main" "hosp johann wolfgang goethe frankfurt am main univ"
"univ saarland homburg saar" "saarland homburg saar univ"
"heidelberg univ clin" "heidelberg univ"
"lm univ munich" "lm munich univ"
"univ clin muenster" "clin muenster univ"
"saarland univ med ctr" "saarland med ctr univ"
"rupertus carola univ heidelberg" "heidelberg univ"
"univ clin leipzig" "clin leipzig univ"
"univ hosp lubeck" "hosp lubeck univ"
"univ halle" "halle univ"
"univ appl sci hamburg" "appl sci univ"
"beuth univ sci berlin" "beuth sci berlin univ"
"univ erlangen nuernberg" "erlangen nurnberg univ"
"freiderich alexander univ" "freiderich alexander univ"
"univ eichstatt ingolstadt" "eichstatt ingolstadt univ"
"univ technol munich" "tech munich univ"
"univ kashmir" "kassel univ"
"univ appl sci mittweida" "appl sci mittweida univ"
"univ appl sci zittau gorlitz" "appl sci zittau gorlitz univ"
"univ appl sci koblenz" "appl sci koblenz univ"
"koblenz univ appl sci" "koblenz appl sci univ"
"univ hosp giessen" "giessen univ"
"dusseldorf univ appl sci" "dusseldorf appl sci univ"
"hsch furtwangen univ" "furtwangen univ"
"univ appl sci aalen" "appl sci aalen univ"
"univ appl sci ingolstadt" "appl sci ingolstadt univ"
"karlsruhe univ appl sci" "appl sci univ"
"univ appl sci berlin" "appl sci berlin univ"
"univ hamburg eppendorf" "hamburg univ"
"univ hosp innenstadt" "munich univ"
"univ klin carl gustav carus" "dresden univ"
"univ clin sh" "clin sh univ"
"univ erlangen neuernberg" "erlangen neuernberg univ"
"klinikum univ" "klinikum univ"
"univ canc ctr hamburg" "canc ctr hamburg univ"
"johannes gutenberg univ med ctr" "med univ"
"univ hosp tubingen" "tubingen univ"
"trier univ appl sci" "trier appl sci univ"
"aachen univ technol rwth" "aachen technol rwth univ"
"charite univ med berlin ccm" "charite med berlin ccm univ"
"univ erlangen nurmberg" "erlangen nurnberg univ"
"magdeburg univ hosp" "magdeburg hosp univ"
"hosp jw goethe univ" "hosp jw goethe univ"
"charite campus mitte univ med berlin" "charite campus mitte med berlin univ"
"univ appl sci & arts hanover" "appl sci arts hanover univ"
"univ wurzburg bioctr" "wurzburg bioctr univ"
"univ oradea" "oradea univ"
"univ freiburg imtek" "freiburg imtek univ"
"german sports univ" "german sports univ"
"univ appl sci wildau" "appl sci wildau univ"
"univ appl sci anhalt fh" "anhalt appl sci univ"
"carl gustav carus univ" "carl gustav carus univ"
"goethe univ hosp frankfurt" "childrens hosp univ"
"univ childrens hosp frankfurt main" "childrens hosp univ"
"greifswald univ hosp" "greifswald hosp univ"
"univ med sch hannover" "med sch hannover univ"
"munster univ med ctr" "munster med ctr univ"
"univ heidelberg zmbh" "heidelberg univ"
"univ munich hosp grosshadern" "munich univ"
"rhein westfal tech hsch aachen univ" "aachen univ"
"friedrich wilhelms univ" "bonn univ"
"hosp georg august univ goettingen" "gottingen univ"
"univ hosp heidelberg dsg" "heidelberg univ"
"saarland univ homburg saar" "saarland univ"
"friedrich schiller univ hosp jena" "jena univ"
"univ med ctr leipzig" "leipzig univ"
"univ clin giesen" "marburg univ"
"univ klinikum marburg & giessen" "marburg univ"
"univ & univ hosp regensburg" "regensburg univ"
"ulm univ hosp" "ulm univ"
"univ hosp harnburg eppendorf" "hosp harnburg eppendorf univ"
"hosp ludwig maximilian univ munich" "munich univ"
"univ med ctr schleswig holstein uksh" "kiel univ"
"klinikum johann wolfgang goethe univ" "klinikum johann wolfgang goethe univ"
"univ giessen & marburg gmbh" "hosp giessen univ"
"univ clin schleswig holstein campus kiel" "kiel univ"
"eberhard karls univ hosp" "tubingen univ"
"univ heidelberg j5" "heidelberg j univ"
"univ clin giessen & marburg gmbh" "hosp giessen marburg univ"
"univ hosp giessen marburg" "hosp giessen marburg univ"
"univ campus lubeck" "med lubeck univ"
"hosp univ munich" "munich univ"
"univ regensburg med ctr" "regensburg univ"
"univ rwth aachen" "rwth aachen univ"
"hanover univ" "hanover univ"
"univ bundeswehr" "bundeswehr univ"
"univ bundeswehr unibw" "bundeswehr univ"
"charite campus mitte univ berlin" "charite campus mitte berlin univ"
"clin ctr univ cologne" "clin ctr cologne univ"
"univ med sch freiburg" "freiburg univ"
"clin univ giessen & marburg" "clin giessen marburg univ"
"univ halle saale" "halle univ"
"mannheim univ hosp" "mannheim hosp univ"
"ulm med univ" "ulm univ"
"univ clin ulm" "ulm univ"
"med univ" "med univ"
"univ hosp bergmannsheil" "hosp bergmannsheil univ"
"univ hosp halle" "hosp halle univ"
"univ canc ctr hamburg eppendorf" "canc ctr hamburg eppendorf univ"
"westphalian wilhelms univ" "munster univ"
"univ med ctr giessen & marburg" "med ctr giessen marburg univ"
"ruhr univ" "ruhr univ"
"univ eye clin" "med ctr univ"
"julius maximilan univ wuerzburg" "wurzburg univ"
"clin ludwig maximilians univ" "clin ludwig maximilians univ"
"univ dent clin freiburg" "freiburg univ"
"univ bochum med ctr" "bochum med ctr univ"
"cologne univ hosp" "cologne univ"
"eberhard karl univ" "tubingen univ"
"klinikum albert ludwigs univ freiburg" "freiburg klinikum univ"
"martha maria univ hosp" "martha maria hosp univ"
"univ schleswig holstein med ctr" "lubeck univ"
"halle univ" "halle univ"
"dresden univ hosp" "dresden univ"
"univ med ctr hamburg eppenclorf" "med ctr hamburg eppenclorf univ"
"univ clin dresden" "tech dresden univ"
"hanover med univ" "hanover med univ"
"friedrich schiller univ jena" "jena univ"
"univ childrens hosp frankfurt" "goethe frankfurt univ"
"univ hosp homburg saar" "hosp homburg saar univ"
"univ klinikum" "klinikum univ"
"essen univ hosp" "essen hosp univ"
"univ childrens hosp jena" "childrens hosp jena univ"
"univ med ctr frankfurt main" "goethe frankfurt univ"
"saar state univ" "saarland univ"
"childrens univ hosp tuebingen" "childrens hosp tuebingen univ"
"univ homburg" "homburg univ"
"univ childrens hosp mannheim" "med mannheim univ"
"univ childrens hosp ulm" "ulm univ"
"univ kinderklin" "kinderklin univ"
"childrens univ hosp cologne" "childrens hosp cologne univ"
"univ childrens hosp hannover" "childrens hosp hannover univ"
"univ med ctr duesseldorf" "med ctr duesseldorf univ"
"univ med ctr hamburg" "med ctr hamburg univ"
"univ kinderklin tubingen" "kinderklin tubingen univ"
"eberhard karls univ tubingen" "eberhard karls tubingen univ"
"univ childrens hosp munster" "childrens hosp munster univ"
"univ medi ctr hamburg eppendorf" "med ctr univ"
"univ chicago hosp heidelberg" "chicago hosp heidelberg univ"
"vest childrens hosp univ witten herdecke" "vest childrens hosp witten herdecke univ"
"univ med ctr charite" "med ctr charite univ"
"univ dent clin bonn" "bonn univ"
"hosp johann wolfgang goethe univ frankfurt main" "goethe frankfurt univ"
"hosp univ cologne" "cologne univ"
"univ med ctr goettingen umg" "gottingen univ"
"eberhard karls univ hosp & clin" "tubingen univ"
"kaiserslautern univ technol" "kaiserslautern univ"
"univ technol kaiserslautern" "kaiserslautern univ"
"univ gh kassel" "kassel univ"
"univ muenchen" "munich univ"
"univ gesamthsch wuppertal" "wuppertal univ"
"wuppertal univ" "wuppertal univ"
"univ clin greifswald" "clin greifswald univ"
"univ freiburg med ctr" "freiburg med ctr univ"
"cologne merheim univ witten herdecke" "cologne merheim witten herdecke univ"
"univ med hosp" "freiburg univ"
"univ med hosp freiburg" "freiburg univ"
"univ klinikum saarlandes homburg" "klinikum saarlandes homburg univ"
"univ med ctr rostock" "rostock univ"
"ruhrlandklin univ klinikum" "ruhrlandklin klinikum univ"
"univ clin hannover" "clin hannover univ"
"georg simon ohm univ appl sci" "georg simon ohm appl sci univ"
"univ hosp aachen univ" "hosp aachen univ"
"univ essen duisburg" "essen duisburg univ"
"univ med fac" "munster univ"
"univ teaching hosp hannover" "teaching hosp hannover univ"
"rhein westfal th aachen univ" "aachen univ"
"univ med ctr bonn" "bonn univ"
"univ clin luebeck" "lubeck univ"
"julius maximilians univ wuurzburg" "julius maximilians wuurzburg univ"
"univ chemnitz" "chemnitz univ"
"univ erfurt" "erfurt univ"
"eberhard karls univ tuebingen" "tubingen univ"
"univ benjamin franklin berlin" "benjamin franklin berlin univ"
"univ clin hamburg eppendorf" "clin hamburg eppendorf univ"
"womens univ hosp" "womens hosp univ"
"univ med ctr hamburg eppendorf & schon klin" "hamburg univ"
"med univ hosp tubingen" "med hosp tubingen univ"
"mainz univ hosp" "mainz hosp univ"
"hosp univ saarland" "hosp saarland univ"
"univ frankfurt klinikum" "frankfurt klinikum univ"
"lmu univ munchen" "munich univ"
"univ bonn hosp" "bonn univ"
"thoraxklin univ hosp" "heidelberg univ"
"univ hosp sh" "hosp univ"
"univ med ctr erlangen" "med ctr erlangen univ"
"ernst moritz arndt univ greifswald aor" "ernst moritz arndt greifswald aor univ"
"univ klinikum halle" "klinikum halle univ"
"univ med sch hamburg eppendorf" "med sch hamburg eppendorf univ"
"benjamin franklin free univ berlin" "charite med berlin univ"
"univ appl sci & arts" "appl sci arts univ"
"univ appl sci dusseldorf" "dusseldorf univ"
"essen univ" "essen univ"
"univ german armed forces" "german armed forces univ"
"bg univ hosp bergmannsheil" "bg hosp bergmannsheil univ"
"europa univ viadrina frankfurt oder" "european viadrina univ"
"european univ viadrina" "european viadrina univ"
"univ hosp freiburg neuroctr" "hosp freiburg neuroctr univ"
"univ clin rwth aachen" "rwth aachen hosp univ"
"univ clin bergmannsheil bochum" "ruhr bochum univ"
"ernst moritz arndt univ hosp" "ernst moritz arndt hosp univ"
"leuphana univ" "leuphana univ"
"leuphana univ lueneburg" "leuphana univ"
"univ hamburg eppendorf uke" "hamburg eppendorf uke univ"
"zittau gorlitz univ appl sci" "zittau gorlitz appl sci univ"
"univ hosp nuremberg" "hosp nuremberg univ"
"hosp johannes gutenberg univ mainz" "johannes gutenberg mainz univ"
"baden wurttemberg hessen & univ clin" "baden wurttemberg hessen clin univ"
"heinrich heine univ hosp" "hosp univ"
"heinrich heine univ hosp dusseldorf" "hosp univ"
"hosp johann wolfgang goethe univ" "goethe frankfurt univ"
"med univ homburg saar" "saarland univ"
"med univ ulm" "med ulm univ"
"univ hosp surg" "hosp surg univ"
"univ clin aachen" "aachen univ"
"univ med ctr cologne" "cologne univ"
"univ lubeck med sch" "hosp luebeck univ"
"klinikum univ muenchen" "munich univ"
"ruprecht karls univ hosp" "heidelberg univ"
"univ hosp ruprecht karls" "heidelberg univ"
"univ groningen, univ med ctr groningen" "med ctr univ"
"univ krankenhaus eppendorf" "krankenhaus eppendorf univ"
"univ klinikum essen" "klinikum essen univ"
"hosp tech univ munchen" "hosp tech munchen univ"
"univ telecommun leipzig" "telecommun leipzig univ"
"inst univ duisburg essen" "inst duisburg essen univ"
"univ hosp llandough" "hosp llandough univ"
"lehrkrankenhaus christian albrechts univ" "lehrkrankenhaus christian albrechts univ"
"orthopaed univ hosp heidelberg" "orthopaed hosp heidelberg univ"
"univ hosp & med ctr ulm" "hosp med ctr ulm univ"
"univ appl sci coburg" "appl sci coburg univ"
"univ clin ctr erlangen" "clin ctr erlangen univ"
"univ childrens hosp univ munich is" "childrens hosp munich is univ"
"otto von guericke univ hosp" "otto von guericke hosp univ"
"ruperto carola univ heidelberg" "ruperto carola heidelberg univ"
"univ children hosp" "children hosp univ"
"univ appl sci s westphalia" "appl sci s westphalia univ"
"mannheim univ med ctr" "mannheim med ctr univ"
"univ clin surg" "clin surg univ"
"jw goethe univ hosp frankfurt main" "jw goethe hosp frankfurt main univ"
"univ augenklin" "augenklin univ"
"rwth univ aachen ev" "rwth aachen ev univ"
"bundeswehr univ" "bundeswehr univ"
"clin friedrich schiller univ jena" "clin friedrich schiller jena univ"
"biberach univ appl sci" "biberach appl sci univ"
"fern univ hagen" "fern univ"
"univ clin berlin" "clin berlin univ"
"univ hosp erlangen nuernberg" "hosp erlangen nuernberg univ"
"univ mus detmold" "mus detmold univ"
"univ duisburg" "duisburg univ"
"int univ" "int univ"
"univ childrens hosp muenster" "childrens hosp muenster univ"
"univ klinikum tuebingen" "klinikum tuebingen univ"
"hsch bremen univ appl sci" "hsch bremen appl sci univ"
"univ appl sci osnabruck" "appl sci osnabruck univ"
"univ appl sci weihenstephan triesdorf" "appl sci weihenstephan triesdorf univ"
"ostfalia univ appl sci" "ostfalia appl sci univ"
"aalen univ" "aalen univ"
"leipzig univ appl sci" "leipzig appl sci univ"
"univ appl sci stuttgart" "appl sci stuttgart univ"
"frankfurt univ appl sci" "frankfurt appl sci univ"
"univ hautklin freiburg" "hautklin freiburg univ"
"folkwang univ" "folkwang univ"
"georg agricola univ appl sci" "georg agricola appl sci univ"
"heilbronn univ" "heilbronn univ"
"ingolstadt univ appl sci" "ingolstadt appl sci univ"
"htwk leipzig univ appl sci" "htwk leipzig appl sci univ"
"pforzheim univ" "pforzheim univ"
"univ appl sci trier" "appl sci trier univ"
"univ appl sci osnabrueck" "appl sci univ"
"niederrhein univ appl sci" "niederrhein appl sci univ"
"univ appl sci brandenburg" "appl sci brandenburg univ"
"univ appl sci hamburg haw" "appl sci hamburg haw univ"
"univ technol chemnitz" "tech chemnitz univ"
"univ appl sci wuerzburg schweinfurt" "appl sci wuerzburg schweinfurt univ"
"univ hannover" "hannover univ"
"univ oradea romania" "oradea romania univ"
"berlin univ" "berlin univ"
"univ aachen rwth" "aachen rwth univ"
"private univ witten" "private witten univ"
"rfwu bonn univ" "rfwu bonn univ"
"mannheim heidelberg univ" "mannheim heidelberg univ"
"georg simon ohm univ appl sci nuremberg" "georg simon ohm appl sci nuremberg univ"
"univ novi sad" "novi sad univ"
"karlstads univ" "karlstads univ"
"univ appl sci niederrhein" "appl sci niederrhein univ"
"berg univ gesamthsch wuppertal" "berg gesamthsch wuppertal univ"
"tech univ muechen" "tech munich univ"
"univ duisberg essen" "duisburg essen univ"
"univ karlsruhe tech hsch" "karlsruhe univ"
"tech univ iimenau" "tech iimenau univ"
"tech univ limenau" "tech limenau univ"
"univ klinikum aachen rwth geburtshilfe" "klinikum aachen rwth geburtshilfe univ"
"private univ witten herdecke ggmbh" "witten herdecke univ"
"univ witten herdecke ggmbh" "witten herdecke univ"
"univ klinikum rostock aor" "klinikum rostock aor univ"
"beuth univ technol berlin" "beuth technol berlin univ"
"berg univ gh wuppertal" "berg wuppertal univ"
"univ appl sci hs fulda" "appl sci hs fulda univ"
"klinikums friedrich schiller univ jena" "klinikums friedrich schiller jena univ"
"univ trier st franziska stift" "trier st franziska stift univ"
"univ frauenklin" "frauenklin univ"
"univ klinikum muenster" "klinikum muenster univ"
"abert ludwigs univ freiburg" "freiburg univ"
"univ klinkum wurzburg" "klinkum wurzburg univ"
"klinikum ernst moritz arndt univ" "klinikum ernst moritz arndt univ"
"klinikum justus liebig univ giessen" "klinikum justus liebig giessen univ"
"univ appl sci nuernberg" "appl sci nuernberg univ"
"univ gottingen gzg" "gottingen gzg univ"
"univ heidelberg dkfz zmbh alliance" "heidelberg dkfz zmbh alliance univ"
"clin tech univ munich" "tech munich univ"
"fz juelich rwth aachen univ" "fz juelich rwth aachen univ"
"inst ruhr univ bochum ipa" "inst ruhr bochum ipa univ"
"helmholtz univ" "helmholtz univ"
"univ klin leipzig" "klin leipzig univ"
"univ med johannes gutenberg univ" "med johannes gutenberg univ"
"lehrstuhl univ witten herdecke" "lehrstuhl witten herdecke univ"
"univ fed armed forces hamburg" "fed armed forces univ"
"univ bundeswehr hamburg" "bundeswehr hamburg univ"
"klinikum ludwig maximilians univ" "klinikum ludwig maximilians univ"
"hosp j w goethe univ" "hosp j w goethe univ"
"univ klin jena" "klin jena univ"
"univ klin ulm" "klin ulm univ"
"tuebingen univ" "tuebingen univ"
"rostock univ hosp" "rostock hosp univ"
"univ appl sci hska" "appl sci hska univ"
"univ neu ulm" "neu ulm univ"
"univ appl sci technol business & design" "appl sci technol business design univ"
"lehrkrankenhaus johannes gutenberg univ mainz" "lehrkrankenhaus johannes gutenberg mainz univ"
"ucch univ med ctr hamburg eppendorf" "ucch med ctr hamburg eppendorf univ"
"univ bundeswehr munich" "bundeswehr munich univ"
"univ econ & environm nurtingen geislingen" "econ environm nurtingen geislingen univ"
"univ duisburg essentatig" "duisburg essentatig univ"
"cvo univ oldenburg" "cvo oldenburg univ"
"bocconi univ" "bocconi univ"
"ludwig maximilians univ hosp grosshadern" "ludwig maximilians hosp grosshadern univ"
"steinbeis univ berlin" "steinbeis berlin univ"
"freiburg univ med ctr" "freiburg med ctr univ"
"univ hno klin" "hno klin univ"
"inst univ gottingen" "inst gottingen univ"
"herzzentrum univ koln" "herzzentrum koln univ"
"herzzentrum univ koeln" "herzzentrum koeln univ"
"hosp ludwig maximilians univ" "hosp ludwig maximilians univ"
"univ klinikum hamburg eppendorf uke" "klinikum hamburg eppendorf univ"
"christian albrecht univ" "christian albrecht univ"
"univ hohenheim 440e" "hohenheim univ"
"klinikum goethe univ" "klinikum goethe univ"
"private univ witten herdecke witten" "witten herdecke univ"
"westfalian wilhelms univ" "munster univ"
"univ freiburg brsg" "freiburg univ"
"goethe univ frankfurt am main" "goethe frankfurt univ"
"georg august univ gottingen" "gottingen univ"
"univ groningen" "gottingen univ"
"julius maximilians univ warzburg" "wurzburg univ"
"univ appl sci kiel" "appl sci kiel univ"
"jade univ appl sci oldenburg" "jade appl sci oldenburg univ"
"univ bundeswehr muenchen" "bundeswehr muenchen univ"
"univ technol darmstadt" "tech darmstadt univ"
"univ med berlin charite" "humboldt univ"
"german sport univ cologne dshs" "cologne univ"
"univ appl sci mannheim" "appl sci univ"
"univ postdam" "potsdam univ"
"braunschweig univ technol" "tech braunschweig univ"
"otto von guerike univ magdeburg" "magdeburg univ"
"med heinrich heine univ dusseldorf" "dusseldorf univ"
"univ klinikum hamburg" "klinikum hamburg univ"
"univ flensburg" "flensburg univ"
"paracelsus med privatuniv salzburg" "paracelsus med privat salzburg univ"
"leibinz univ hannover" "leibinz hannover univ"
"leibnitz univ hannover" "leibniz hannover univ"
"hosp tuebingen univ" "tubingen univ"
"german sports univ cologne" "german sports cologne univ"
"univ duisburg essen med sch" "duisburg essen univ"
"freien univ berlin" "free berlin univ"
"univ med ctr tubingen" "hosp tuebingen univ"
"med univ clin" "wurzburg univ"
"univ klinikum bonn" "bonn univ"
"heinrich heine univ duesseldorf" "heinrich heine duesseldorf univ"
"charite univ med sch berlin" "charite med berlin univ"
"univ german fed armed forces munich" "german fed armed forces munich univ"
"univ geottingen" "gottingen univ"
"neubrandenburg univ appl sci" "neubrandenburg appl sci univ"
"clin goethe univ frankfurt" "goethe frankfurt univ"
"univ klinikum frankfurt main" "goethe frankfurt univ"
"univ klin essen" "klin essen univ"
"berufsgenossenschaftliches univ klinikum bergmann" "berufsgenossenschaftliches klinikum bergmann univ"
"univ karlsruhe kit" "karlsruhe kit univ"
"univ fed def munich" "fed def munich univ"
"helmut schmidt univ univ fed armed forces hamburg" "helmut schmidt fed armed forces hamburg univ"
"hamburg univ technol tuhh" "hamburg technol tuhh univ"
"univ appl sci bremen" "appl sci bremen univ"
"united nations univ" "united nations univ"
"univ bremen fb1" "bremen univ"
"bioakt pflanzenstoffe univ jena" "bioakt pflanzenstoffe jena univ"
"klinikum eberhard karls univ" "klinikum eberhard karls univ"
"gottfried wilhelm leibniz univ hanover" "leibniz hannover univ"
"univ anim med" "vet med univ"
"nurtingen geislingen univ" "nurtingen geislingen univ"
"tech univ munchen tum" "tech munchen tum univ"
"univ fed armed forces germany munich" "fed armed forces germany munich univ"
"rwthaachen univ" "rwthaachen univ"
"fachrichtung palaontol freien univ berlin" "free berlin univ"
"jw goethe univ frankfurt main" "goethe frankfurt univ"
"potchefstroom univ christian higher educ" "potchefstroom christian higher educ univ"
"rubrecht karls univ" "heidelberg univ"
"univ klinikum koln aor" "klinikum koln aor univ"
"jade univ appl sci" "jade appl sci univ"
"univ med ctr hamburg eppendorff" "med ctr hamburg eppendorf univ"
"univ klinikum duesseldorf" "klinikum duesseldorf univ"
"univ educ schwabisch gmund" "educ schwabisch gmund univ"
"german fed armed forces univ munich" "bundeswehr munchen univ"
"tech univ mnchen" "tech mnchen univ"
"univ freibourg" "freibourg univ"
"owl univ appl sci" "owl appl sci univ"
"german univ adm sci speyer" "german adm sci speyer univ"
"bundeswehr univ munchen" "bundeswehr munchen univ"
"klinikum univ munchen grosshadern" "munich univ"
"univ klinikum rosensburg" "klinikum regensburg univ"
"univ klinikum carl gustav carus dresden" "klinikum carl gustav carus dresden univ"
"klinikum goethe univ frankfurt" "klinikum goethe frankfurt univ"
"univ hohenheim 320" "hohenheim univ"
"biozentrum jw goethe univ" "biozentrum jw goethe univ"
"056 albert ludwigs univ freiburg" "freiburg univ"
"univ koblenz landau ernahrungs & verbraucherbildu" "koblenz landau ernahrungs verbraucherbildu univ"
"tech univ tu bergakad freiberg" "freiberg min technol univ"
"fed armed forces univ munich" "fed armed forces munich univ"
"leibniz univ hannoever" "leibniz hannoever univ"
"georgia augusta univ gottingen" "gottingen univ"
"private univ" "private univ"
"privaten univ witten herdecke" "privaten witten herdecke univ"
"univ allee bremen" "allee bremen univ"
"hop univ eppendorf" "hop eppendorf univ"
"ovg univ magdeburg" "ovg magdeburg univ"
"univ freiburg breisgau" "freiburg breisgau univ"
"univ klinikum heinrich heine univ dusseldorf" "dusseldorf univ"
"univ klinikums bonn" "klinikums bonn univ"
"charite univ med berlin ccm germany" "hosp berlin univ"
"klimacampus univ" "hamburg univ"
"univ hamburg zmaw" "hamburg zmaw univ"
"univ ctr" "ctr univ"
"heinrich heine univ duesseldorf fz juelich" "dusseldorf univ"
"heinrich heine univ iuf" "heinrich heine iuf univ"
"gemeinnutzige hertie stiftung & univ med ctr gott" "gemeinnutzige hertie stiftung med ctr gott univ"
"hanover univ mus & drama" "hanover mus drama univ"
"univ mus & drama" "mus drama univ"
"hanover univ music & drama" "hanover music drama univ"
"univ mus carl maria von weber" "mus carl maria von weber univ"
"rheinisch westfal th univ aachen" "rheinisch westfal th aachen univ"
"regensburg univ appl sci" "regensburg appl sci univ"
"klinkum univ munchen innenstadt" "klinikum munchen univ"
"univ saarlande" "saarland univ"
"univ klinikum bochum" "ruhr bochum univ"
"univ klinikum dresden" "tech dresden univ"
"univ med ctr marburg" "marburg univ"
"univ med ctr muenster" "munster univ"
"klinikum ruprecht karls univ" "heidelberg univ"
"charite univ med teaching hosp" "charite med teaching hosp univ"
"germany heidelberg univ" "heidelberg univ"
"free univ" "free univ"
"univ technol braunschweig" "tech braunschweig univ"
"zafes liff goethe univ frankfurt" "goethe frankfurt univ"
"univ wismar" "wismar univ"
"wilhelms univ munster" "munster univ"
"muenster univ" "munster univ"
"westfal whilhems univ munster" "munster univ"
"gottfried wilhelm leibniz univ" "leibniz hannover univ"
"rwth aachen univ technol" "rwth aachen technol univ"
"univ humberside" "humberside univ"
"goethe univ frankfurt m" "goethe frankfurt m univ"
"wilhems univ munster" "munster univ"
"univ vet med fdn" "vet med fdn univ"
"em arndt univ greifswald" "em arndt greifswald univ"
"univ hohenheim 350" "hohenheim univ"
"rwth aachen univ ikv" "rwth aachen ikv univ"
"friedrich alexander univ erlangen" "erlangen nurnberg univ"
"friedrich alexander univ erlangen nuernberg" "friedrich alexander erlangen nuernberg univ"
"german social accident insurance ruhr univ bochum" "inst ruhr univ"
"inst ruhr univ" "inst ruhr univ"
"inst ruhr univ ipa" "ruhr bochum univ"
"ruhr univ bochum ipa" "ruhr bochum univ"
"univ offenburg" "offenburg univ"
"westphalian wilhelms univ muenster" "westphalian wilhelms muenster univ"
"karlsruhe univ th" "karlsruhe th univ"
"hannover vet univ" "hannover vet univ"
"ebs univ wirtschaft & recht" "ebs wirtschaft recht univ"
"justus liebig univ giessen ilp" "justus liebig giessen ilp univ"
"univ th karlsruhe" "th karlsruhe univ"
"univ stuttgart ihs" "stuttgart univ"
"philipps univ hosp marburg" "marburg univ"
"univ klin hamburg uke" "klin hamburg uke univ"
"univ appl sci cologne" "appl sci cologne univ"
"humboldt univ berlin & charite" "humboldt univ"
"leibniz univ ot hannover" "leibniz hannover univ"
"ruprecht karls univ heidelberg" "heidelberg univ"
"univ erlangen nunberg" "erlangen nunberg univ"
"charite univ klinikum" "charite klinikum univ"
"univ klinikum otto von guericke" "klinikum otto von guericke univ"
"univ hosp heinrich heine" "dusseldorf univ"
"heinrich heine univ dusseldorf ggmbh" "dusseldorf univ"
"heinrich heine univ ggmbh" "heinrich heine ggmbh univ"
"nat wissensch archaol univ tubingen" "tubingen univ"
"univ med bonn" "bonn univ"
"klinikum philipps univ marburg" "marburg univ"
"univ worzburg" "wurzburg univ"
"univ wuurzburg" "wuurzburg univ"
"albert ludwigs univ freiburg br" "albert ludwigs freiburg br univ"
"univ bunderswehr munchen" "bunderswehr munchen univ"
"ruhr univ bochum berufen" "ruhr bochum berufen univ"
"univ bundeswelir munchen" "bundeswelir munchen univ"
"ruprecht karls universitat heidelberg" "ruprecht karls ersitat heidelberg univ"
"klinikums univ munchen" "munich univ"
"univ hosp schleswig holstein campus luebeck" "lubeck univ"
"univ canc ctr" "hamburg univ"
"univ otgiessen" "otgiessen univ"
"univ hno klin dresden" "hno klin dresden univ"
"univ klinikum tu dresden" "hno klin dresden univ"
"univ hautklin gottingen" "hautklin gottingen univ"
"univ eye hosp munster" "eye hosp munster univ"
"georg august univ goettingen gzmb" "georg august goettingen gzmb univ"
"westfalische wilhelms univ munster" "westfalische wilhelms munster univ"
"lmu univ hosp munich grosshadern" "munich univ"
"univ giessben" "giessen univ"
"univ med sch halle wittenberg" "med sch halle wittenberg univ"
"univ klinikum erlangen nurnberg" "klinikum univ"
"univ klinikums erlangen" "klinikum univ"
"univ kinderklin essen" "kinderklin essen univ"
"univ klin wurzburg" "klin wurzburg univ"
"klinikum jg univ" "klinikum jg univ"
"univ herzzentrum hamburg" "herzzentrum hamburg univ"
"univ klinikums hamburg eppendorf" "klinikum hamburg eppendorf univ"
"univ kliniken bonn" "bonn univ"
"univ hlth ctr regensburg" "regensburg univ"
"martin luther univ klin" "halle wittenberg univ"
"univ klinikum homburg" "klinikum homburg univ"
"univ klinikum hale saale" "klinikum hale saale univ"
"univ klinikum ernst moritz arndt univ greifswald" "klinikum ernst moritz arndt greifswald univ"
"univ kinderklin munster" "klinikum munster univ"
"univ klin munster" "klin munster univ"
"univ klinikum greifswald" "klinikum greifswald univ"
"univ klinikum mainz" "klinikum mainz univ"
"univ hno" "hno univ"
"univ klin gottingen" "klin gottingen univ"
"univ klinkum leipzig aor" "klinkum leipzig aor univ"
"urol univ klin rostock" "urol klin rostock univ"
"univ klinikum giessen & marburg standort giessen" "klinikum giessen marburg standort giessen univ"
"univ klin rwth aachen" "klin rwth aachen univ"
"univ krankenhaus essen" "krankenhaus essen univ"
"univ klin tubingen" "klin tubingen univ"
"univ klinikum halle saale" "klinikum halle saale univ"
"univ klinikum magdeburg aor" "klinikum univ"
"klinikum univ magdeburg" "klinikum magdeburg univ"
"univ klin giessen & marburg" "klin giessen marburg univ"
"univ klinikums magdeburg" "klinikums magdeburg univ"
"univ klin halle" "klin halle univ"
"klinikum privaten univ witten herdecke" "klinikum privaten witten herdecke univ"
"univ klinikum mannheim ggmbh" "klinikum mannheim univ"
"jw goethe univ klinikum" "jw goethe klinikum univ"
"jw goethe univ klinikum frankfurt" "jw goethe klinikum univ"
"klinikum johann wolfgang goethe univ frankfurt ma" "jw goethe klinikum univ"
"klinikum jw goethe univ frankfurt main" "jw goethe klinikum univ"
"univ klinikums giessen & marburg gmbh" "klinikums giessen marburg gmbh univ"
"klinikum ruhr univ bochum" "klinikum bochum univ"
"univ klinikum ruhr univ" "klinikum bochum univ"
"berufsgenossenschaftliches univ bergmannsheil" "berufsgenossenschaftliches bergmannsheil univ"
"klinikum johann wolfgang goethe univ frankfurt" "goethe frankfurt univ"
"univ kliniken saarlandes homburg saar" "klinikum saarlandes univ"
"univ klinikum duisburg essen" "klinikum duisburg essen univ"
"univ frauenklin freiburg" "frauenklin freiburg univ"
"chirurg univ" "chirurg univ"
"univ klin dusseldorf" "dusseldorf univ"
"chirurg univ klin heidelberg" "heidelberg univ"
"univ klinikum heinrich heine univ" "klin dusseldorf univ"
"univ klinikum charite campus benjamin franklin" "klinikum charite campus benjamin franklin univ"
"univ klin mainz" "klin mainz univ"
"hamoglobinlabor univ klinikum ulm" "hamoglobinlabor klinikum ulm univ"
"univ klinikum munchen" "klinikum munchen univ"
"univ klinikums schleswig holstein" "kiel univ"
"univ klin dresden" "klin dresden univ"
"univ klinkum aachen" "klinkum aachen univ"
"klinikum philipps univ" "marburg univ"
"orthopad univ klin frankfurt main" "orthopad klin frankfurt main univ"
"univ klinikum ulm" "klinikum ulm univ"
"lehrkrankenhaus univ giessen marburg" "lehrkrankenhaus giessen marburg univ"
"univ klinikum & marburg gmbh" "klinikum marburg gmbh univ"
"lehrabt paracelsus med privatuniv salzburg" "lehrabt paracelsus med privat salzburg univ"
"akad lehrkrankenhaus univ tubingen" "akad lehrkrankenhaus tubingen univ"
"univ hosp witten herdecke" "hosp witten herdecke univ"
"univ frauenklin rostock" "frauenklin rostock univ"
"aarhus univ" "aarhus univ"
"univ klinikum witten herdecke sitz koln" "klinikum witten herdecke sitz koln univ"
"orthopad univ klin heidelberg" "orthopad klin heidelberg univ"
"ludwig maximillians univ psychiat hosp" "ludwig maximillians psychiat hosp univ"
"univ witten herdecke sitz koln" "witten herdecke sitz koln univ"
"ruhr univ bochum tatig" "ruhr bochum univ"
"tech univ weihenstephan" "tech weihenstephan univ"
"univ drrernat hans josef allelein" "drrernat hans josef allelein univ"
"univ duisburg gesamthsch" "duisburg essen univ"
"inst geosci potsdam univ" "potsdam univ"
"univ rostock iow" "rostock univ"
"univ rostock likat" "rostock univ"
"kiel univ ifm geomar" "kiel univ"
"univ kiel ifm geomar" "kiel univ"
"klinikum otto von guericke univ magdeburg" "klinikum otto von guericke magdeburg univ"
"orthopad univ klin" "orthopad klin univ"
"univ bundeswehr munchen unibwm" "bundeswehr munchen unibwm univ"
"paderborn univ" "paderborn univ"
"sci univ konstanz" "sci konstanz univ"
"hosp univ duisburg essen" "duisburg essen univ"
"kliniken univ duisburg essen" "kliniken duisburg essen univ"
"kliniken heinrich heine univ" "kliniken heinrich heine univ"
"acad hosp univ frankfurt main" "acad hosp frankfurt main univ"
"klinikum ruhr univ" "klinikum ruhr univ"
"univ bremen nw2" "bremen nw univ"
"univ clin eppendorf" "clin eppendorf univ"
"univ bremen postfach" "bremen univ"
"univ stuttgart mpa" "stuttgart univ"
"katholische univ eichstatt ingolstadt" "katholishe eichstatt ingolstadt univ"
"katholishe univ eichstatt ingolstadt" "katholishe eichstatt ingolstadt univ"
"zwickau univ appl sci" "zwickau appl sci univ"
"freien univ" "freien univ"
"hh univ dusseldorf" "dusseldorf univ"
"ga univ gottingen" "gottingen univ"
"ca univ kiel" "kiel univ"
"univ klinikum albert ludwigs univ freiburg i br" "klinikum albert ludwigs freiburg i br univ"
"rheinisch westfal tech hsch univ aachen" "rheinisch westfal tech hsch aachen univ"
"berufsgenossenschaftliches univ klinkum bergmanns" "berufsgenossenschaftliches klinkum bergmanns univ"
"aachen univ rwth" "aachen rwth univ"
"med univ charite campus" "med charite campus univ"
"charite charite univ" "charite charite univ"
"gutenberg univ" "gutenberg univ"
"clin ludwig maximilian univ munich" "clin ludwig maximilian munich univ"
"univ technol" "technol univ"
"rupertus carola univ" "rupertus carola univ"
"klinikum univ heidelberg" "klinikum heidelberg univ"
"univ klinikum wuerzburg" "wurzburg univ"
"klinikum julius maximilians univ wurzburg" "klinikum julius maximilians wurzburg univ"
"klinikum jw goethe univ frankfurt" "goethe frankfurt univ"
"univ klinikum eppendorf" "klinikum eppendorf univ"
"klinikum jw goethe univ" "goethe frankfurt univ"
"klinikum johannes gutenberg univ mainz" "klinikum johannes gutenberg mainz univ"
"univ klin giessen marburg" "klin giessen marburg univ"
"univ klinikum giessen marburg" "klin giessen marburg univ"
"univ klinikums giessen marburg" "klin giessen marburg univ"
"klinikum friedrich alexander univ erlangen" "erlangen nurnberg univ"
"univ mainz klinikum" "klin mainz univ"
"univ klinikum aachen rwth" "klinikum aachen rwth univ"
"univ klinikum nurnberg" "klinikum nurnberg univ"
"klinikum univ munchen lmu" "klinikum munchen lmu univ"
"berufsgenossenschaftl univ klin bergmannsheil gmb" "berufsgenossenschaftl klin bergmannsheil gmb univ"
"klinikum ludwig maximillians univ munchen" "munich univ"
"univ womens clin" "womens clin univ"
"univ wrzburg" "wrzburg univ"
"klinikum tech univ munich" "klinikum tech munich univ"
"klinikum bavanan julius maximilians univ" "klinikum bavanan julius maximilians univ"
"klinikum johann wolfgang goethe univ frankfurt am" "goethe frankfurt univ"
"univ klinikum jean" "klinikum jean univ"
"univ klinikums" "wurzburg univ"
"philipps univ ag" "philipps ag univ"
"univ klinikums koln" "cologne univ"
"univ klin frankfurt main" "klin frankfurt main univ"
"klin univ munchen standort grosshadern" "klin munchen standort grosshadern univ"
"univ siegen fb8" "siegen fb univ"
"univ duisburg esssen" "duisburg esssen univ"
"univ leipzig aor" "leipzig univ"
"lehrstuhl friedrich schiller univ jena" "lehrstuhl friedrich schiller jena univ"
"christiana albertina univ kiel" "kiel univ"
"mat prufungsanstalt univ stuttgart" "mat prufungsanstalt stuttgart univ"
"univ hosp children & adolescents" "childrens hosp univ"
"uct univ klinikum frankfurt" "uct klinikum frankfurt univ"
"karl marx univ" "leipzig univ"
"univ hosp goethe univ frankfurt" "goethe frankfurt univ"
"tech univ muchen" "tech munich univ"
"rvvth aachen univ" "rvvth aachen univ"
"univ klin hals nasen & ohrenheilkunde" "klin hals nasen ohrenheilkunde univ"
"univ klin regensburg" "klin regensburg univ"
"univ munchen klinikum" "munchen klinikum univ"
"brandenburg univ" "brandenburg univ"
"tech univ munich tum" "tech munich tum univ"
"univ darmstadt" "darmstadt univ"
"univ lehrstuhl ii math" "aachen univ"
"int univ germany" "int germany univ"
"bavarian julius maximilians univ" "bavarian julius maximilians univ"
"univ ghana" "ghana univ"
"jacobs univ bremen ggmbh" "jacobs bremen ggmbh univ"
"univ erlargen" "erlargen univ"
"neurol univ klin bonn" "neurol klin bonn univ"
"univ luneburg" "luneburg univ"
"univ childrens hosp saarland" "childrens hosp saarland univ"
"univ eye hosp freiburg" "eye hosp freiburg univ"
"univ augenklin freiburg" "augenklin univ"
"stiftung orthopad univ klin" "stiftung orthopad klin univ"
"univ augenklin bonn" "augenklin bonn univ"
"hno univ klin ulm" "hno klin ulm univ"
"hop univ nord" "hop nord univ"
"univ dresden med sch" "dresden med sch univ"
"united nations univ inst environm & human change" "united nations inst environm human change univ"
"univ bouchum" "bouchum univ"
"clin ruhr univ bochum" "kliniken ruhr univ"
"kliniken ruhr univ" "kliniken ruhr univ"
"kliniken ruhr univ bochum" "kliniken ruhr bochum univ"
"univ hohenheim 720" "hohenheim univ"
"ilmenau univ technolog" "ilmenau technol univ"
"bogenhausen tech univ munich" "bogenhausen tech munich univ"
"univ erlangen fau" "erlangen fau univ"
"univ heidelberg ggmbh" "heidelberg univ"
"teaching hosp univ" "teaching hosp univ"
"erfurt univ appl sci" "erfurt appl sci univ"
"tuebingen univ med sch" "tuebingen med sch univ"
"helmholtz univ young investigators grp lipad" "helmholtz young investigators grp lipad univ"
"westfaelische wilhelms univ muenster" "westfaelische wilhelms muenster univ"
"norwegian univ life sci" "norwegian life sci univ"
"univ klinikum schleswig holstein campus kiel" "klinikum schleswig holstein univ"
"univ hosp giessen ukgm" "hosp giessen ukgm univ"
"univ klinikum giessen" "klinikum giessen univ"
"schleswig holstein univ" "schleswig holstein univ"
"univ bern" "bern univ"
"univ breast ctr franconia" "breast ctr franconia univ"
"univ duisburg & essen" "duisburg essen univ"
"univ klinikum martin luther univ halle wittenberg" "halle wittenberg univ"
"berufsgenossenschaftliches univ klinikum bergmaan" "berufsgenossenschaftliches klinikum bergmaan univ"
"klinikum ludwigs maximilian univ" "klinikum ludwigs maximilian univ"
"otto vonguericke univ magdeburg" "otto vonguericke magdeburg univ"
"standort marburg & phillips univ marburg" "standort marburg phillips marburg univ"
"hubertus wald univ canc ctr hamburg" "hubertus wald canc ctr hamburg univ"
"ruprecht karl univ heidelberg" "heidelberg univ"
"johannes guetenberg univ" "johannes guetenberg univ"
"albert ludwigs univ" "albert ludwigs univ"
"johannes gutenberg univ mainz kor" "johannes gutenberg mainz univ"
"univ frankfurt tubingen" "tubingen univ"
"ludwig maximilians univ klinikum" "munich univ"
"univ klinikum grosshadern" "munich univ"
"univ stuttgart visus" "stuttgart univ"
"univ eye hosp munich" "eye hosp munich univ"
"lmu munich univ" "lmu munich univ"
"hsch rheinmain univ appl sci" "hsch rheinmain appl sci univ"
"urgench state univ" "urgench state univ"
"univ augenklin koln" "cologne univ"
"univ heidelberg bzh" "heidelberg univ"
"univ klinikum regensberg" "klinikum regensberg univ"
"univ hamburg zis" "hamburg univ"
"orthopad univ klin regensburg" "orthopad klin regensburg univ"
"univ heidelberg allianz" "heidelberg allianz univ"
"aschaffenburg univ appl sci" "aschaffenburg appl sci univ"
"klinkum goethe univ" "klinkum goethe univ"
"hno univ klin mannheim" "hno klin mannheim univ"
"friedrich alexander univ erlangen nurnberg" "friedrich alexander erlangen nurnberg univ"
"alice salomon univ appl sci" "alice salomon appl sci univ"
"anasthesiol univ klin freiburg" "anasthesiol klin freiburg univ"
"anhalt univ appl sci fh" "anhalt appl sci fh univ"
"appl univ bingen" "appl bingen univ"
"benjamin franklin univ med berlin" "benjamin franklin med berlin univ"
"bergische univ" "bergische univ"
"berufsgenossenschaftl univ bergmannsheil gmbh" "berufsgenossenschaftl bergmannsheil gmbh univ"
"bg univ klinikum bergmannsheil" "bg klinikum bergmannsheil univ"
"bht berlin univ appl sci" "bht berlin appl sci univ"
"biederstein tech univ munchen" "biederstein tech munchen univ"
"bingen univ appl sci" "bingen appl sci univ"
"bioctr univ munich lmu" "bioctr munich lmu univ"
"bochum univ" "bochum univ"
"brandenburg univ technol cottbus btu" "brandenburg technol cottbus btu univ"
"bw univ munich" "bw munich univ"
"cardiol goethe univ" "cardiol goethe univ"
"carl gustav carus univ hosp dresden" "carl gustav carus hosp dresden univ"
"carl gustav carus univ med ctr" "carl gustav carus med ctr univ"
"carl v ossietzky univ oldenburg" "carl v ossietzky oldenburg univ"
"carl von osietzky univ oldenburg" "carl von osietzky oldenburg univ"
"charite berlin univ med ctr" "charite berlin med ctr univ"
"charite hosp humboldt univ" "charite hosp humboldt univ"
"charite univ med campus benjamin franklin" "charite med campus benjamin franklin univ"
"charite univ sch med" "charite sch med univ"
"charite virchow univ hosp" "charite virchow hosp univ"
"childrens & adolescents univ hosp" "childrens adolescents hosp univ"
"chirurg univ klin & poliklin munchen grosshadern" "chirurg klin poliklin munchen grosshadern univ"
"chirurg univ klin aachen" "chirurg klin aachen univ"
"dortmung univ technol" "dortmung technol univ"
"duesseldorf univ hosp" "duesseldorf hosp univ"
"dvgw forsch stelle tech univ hamburg harburg" "dvgw forsch stelle tech hamburg harburg univ"
"dwi rwth aachen univ" "dwi rwth aachen univ"
"erlangen med univ ctr" "erlangen med ctr univ"
"excellence cluster origin & struct universe" "excellence cluster origin struct erse univ"
"excellence cluster univ" "excellence cluster univ"
"excellence cluster universe" "excellence cluster erse univ"
"excellence cluster universe tech univ munchen" "excellence cluster erse tech munchen univ"
"fb c univ" "fb c univ"
"fed armed forces univ munich aero space engn & te" "fed armed forces munich aero space engn te univ"
"freiberg univ technol" "freiberg technol univ"
"freie univ ,berlin" "freie berlin univ"
"freie univartmentersitat berlin" "freie artmentersitat berlin univ"
"friedensau adventist univ" "friedensau adventist univ"
"ge taltung univ appl sci" "ge taltung appl sci univ"
"georg agr univ appl sci" "georg agr appl sci univ"
"georg august univ gottingen gzg" "georg august gottingen gzg univ"
"german sport univ koln" "german sport koln univ"
"germany otto von guericke univ" "germany otto von guericke univ"
"gessell wissens & technol transfer tech univ dres" "gessell wissens technol transfer tech dres univ"
"grassland sci univ munchen" "grassland sci munchen univ"
"gutenberg univ hosp" "gutenberg hosp univ"
"guttenberg univ" "guttenberg univ"
"hafencity univ" "hafencity univ"
"hamburger sternwarte univ hamburg" "hamburger sternwarte hamburg univ"
"harbour city univ" "harbour city univ"
"heidelberg univ biochem ctr bzh" "heidelberg biochem ctr bzh univ"
"heinrich heine univ klin dusseldorf" "heinrich heine klin dusseldorf univ"
"heinrich heine univ klinikum dusseldorf" "heinrich heine klinikum dusseldorf univ"
"helmut schmidt univ fed armed forces" "helmut schmidt fed armed forces univ"
"hno univ klin leipzig" "hno klin leipzig univ"
"hno univ klin regensburg" "hno klin regensburg univ"
"hno univ klinikum hamburg eppendorf" "hno klinikum hamburg eppendorf univ"
"hnu neu ulm univ" "hnu neu ulm univ"
"hosp goethe univ frankfurt" "hosp goethe frankfurt univ"
"hosp johann wolfgang goethe univ frankfurt" "hosp johann wolfgang goethe frankfurt univ"
"hosp univ muenster" "hosp muenster univ"
"hosp univ munster" "hosp munster univ"
"hosp univ regensburg" "hosp regensburg univ"
"hsch ostwestfalen lippe univ appl sci" "hsch ostwestfalen lippe appl sci univ"
"humboldt univt berlin" "humboldt t berlin univ"
"hunan univ" "hunan univ"
"i univ frauenklin lmu" "i frauenklin lmu univ"
"ieh stuttgart univ" "ieh stuttgart univ"
"incide univ konstanz" "incide konstanz univ"
"inst anorgan chem univ" "inst anorgan chem univ"
"inst tech & makromol chem univ" "inst tech makromol chem univ"
"inst univ leipzig" "inst leipzig univ"
"int univ bremen" "int bremen univ"
"isas tech univ dortmund" "isas tech dortmund univ"
"itpa univ wurzburg" "itpa wurzburg univ"
"j gutenberg univ hosp" "j gutenberg hosp univ"
"jacobs univ bremen gmbh" "jacobs bremen gmbh univ"
"jacobs univ ggmbh" "jacobs ggmbh univ"
"johann wolfgang goethe univ klinikum" "johann wolfgang goethe klinikum univ"
"julius maximilian univ wurzburg" "julius maximilian wurzburg univ"
"jwg univ" "jwg univ"
"katholische univ eichstatt" "katholische eichstatt univ"
"klimacampus univ hamburg" "klimacampus hamburg univ"
"klinikum friedrich schiller univ" "klinikum friedrich schiller univ"
"klinikum friedrich schiller univ jena" "klinikum friedrich schiller jena univ"
"klinikum justus liebig univ" "klinikum justus liebig univ"
"klinikum ludwigs maximilian univ munchen" "klinikum ludwigs maximilian munchen univ"
"klinikum ludwigs maximilians univ" "klinikum ludwigs maximilians univ"
"klinikum ludwigs maximilians univ munchen" "klinikum ludwigs maximilians munchen univ"
"klinikum rechts isar techn univ mu nchen" "klinikum rechts isar techn mu nchen univ"
"laser ctr univ appl sci muenster lfm" "laser ctr appl sci muenster lfm univ"
"leibnitz univ" "leibnitz univ"
"leipzig univ appl sci htwk" "leipzig appl sci htwk univ"
"lm univ munich grosshadern" "lm munich grosshadern univ"
"lmu univ" "lmu univ"
"lubeck univ hosp" "lubeck hosp univ"
"ludwig maximilian univ munich" "ludwig maximilian munich univ"
"ludwig maximilians univ lmu" "ludwig maximilians lmu univ"
"ludwig maximillians univ hosp" "ludwig maximillians hosp univ"
"luebeck univ" "luebeck univ"
"makromol chem berg univ wuppertal" "makromol chem berg wuppertal univ"
"martin luther univ helle wittenberg" "martin luther helle wittenberg univ"
"math sem univ hamburg" "math sem hamburg univ"
"math sem univ kiel" "math sem kiel univ"
"mechatron maschinenbau tech univ darmstadt" "mechatron maschinenbau tech darmstadt univ"
"med phys univ hosp" "med phys hosp univ"
"med univ clin ulm" "med clin ulm univ"
"med univ ctr mainz" "med ctr mainz univ"
"med univ greifswald" "med greifswald univ"
"med univ heidelberg" "med heidelberg univ"
"med univ klin & poliklin ii" "med klin poliklin ii univ"
"med univ leipzig" "med leipzig univ"
"med univ mainz" "med mainz univ"
"med univ mannheim" "med mannheim univ"
"moskauer tech univ angew biotechnol" "moskauer tech angew biotechnol univ"
"mpa univ stuttgart" "mpa stuttgart univ"
"munich univ hosp campus grosshadern" "munich hosp campus grosshadern univ"
"munster univ lib" "munster lib univ"
"nat kundliches univ museum" "nat kundliches museum univ"
"neurochirurg philipps univ" "neurochirurg philipps univ"
"neurochirurg univ klin" "neurochirurg klin univ"
"neurol klin univ" "neurol klin univ"
"neurol univ klin" "neurol klin univ"
"neurol univ klin essen" "neurol klin essen univ"
"neurol univ klin freiburg" "neurol klin freiburg univ"
"neurol univ klinikum heidelberg" "neurol klinikum heidelberg univ"
"ohannes gutenberg univ mainz" "ohannes gutenberg mainz univ"
"ohm univ nuernberg" "ohm nuernberg univ"
"oncoray tech univ" "oncoray tech univ"
"ordinarius bauphys univ stuttgart" "ordinarius bauphys stuttgart univ"
"orthopad univ klin magdeburg" "orthopad klin magdeburg univ"
"orthopad univ klin tubingen" "orthopad klin tubingen univ"
"orthopad univ klinikum rku" "orthopad klinikum rku univ"
"orthopaed univ clin heidelberg" "orthopaed clin heidelberg univ"
"orthopaed univ hosp" "orthopaed hosp univ"
"orthoped univ hosp ii" "orthoped hosp ii univ"
"philipps univ marburg gmbh" "philipps marburg gmbh univ"
"phys chem rwth aachen univ" "phys chem rwth aachen univ"
"phys inst univ bonn" "phys inst bonn univ"
"physiol inst univ lubeck" "physiol inst lubeck univ"
"physiol inst univ regensburg" "physiol inst regensburg univ"
"private univ appl sci gottingen" "private appl sci gottingen univ"
"psychiat klin univ" "psychiat klin univ"
"psychiat rhein landes & univ klinik essen" "psychiat rhein landes klinik essen univ"
"psychiat univ clin erlangen" "psychiat clin erlangen univ"
"psychiat univ klin" "psychiat klin univ"
"radiol univ klin freiburg" "radiol klin freiburg univ"
"rhein westfal tech hsch univ aachen" "rhein westfal tech hsch aachen univ"
"ruprecht karls univ hosp heidelberg" "ruprecht karls hosp heidelberg univ"
"ruprechts karl univ hosp mannheim" "ruprechts karl hosp mannheim univ"
"rwth aachen univ aachen" "rwth aachen aachen univ"
"rwth tech univ aachen" "rwth tech aachen univ"
"saarland univ appl sci" "saarland appl sci univ"
"saarland univ comp sci" "saarland comp sci univ"
"schleswig holstein univ med ctr" "schleswig holstein med ctr univ"
"sport univ" "sport univ"
"srh univ appl sci" "srh appl sci univ"
"st josef univ" "st josef univ"
"stiftung orthopad univ klin heidelberg" "stiftung orthopad klin heidelberg univ"
syddanskuniv "syddansk univ"
"tech chem saarland univ" "tech chem saarland univ"
"tech univ appl sci" "tech appl sci univ"
"tech univ appl sci berlin" "tech appl sci berlin univ"
"tech univ appl sci wildau" "tech appl sci wildau univ"
"tech univ berlin werkstofftech" "tech berlin werkstofftech univ"
"tech univ carolo wilhelmina" "tech carolo wilhelmina univ"
"tech univ darmstadt struct durabil component rela" "tech darmstadt struct durabil component rela univ"
"tech univ dortmund theoret phys 1" "tech dortmund theoret phys univ"
"tech univ kaiserlautern" "tech kaiserlautern univ"
"tech univ kl" "tech kl univ"
"technol univ" "technol univ"
"technol univ clausthal" "technol clausthal univ"
"technol univ darmstadt" "technol darmstadt univ"
"transnatl univ limburg" "transnatl limburg univ"
"tuebingen univ hosp" "tuebingen hosp univ"
"tuhh hamburg univ technol" "tuhh hamburg technol univ"
"umm univ med ctr mannheim" "umm med ctr mannheim univ"
"univ albstadt sigmaringen" "albstadt sigmaringen univ"
"univ ambulance" "ambulance univ"
"univ appl arts & sci" "appl arts sci univ"
"univ appl forest sci" "appl forest sci univ"
"univ appl sci & art" "appl sci art univ"
"univ appl sci & arts hawk" "appl sci arts hawk univ"
"univ appl sci & technol" "appl sci technol univ"
"univ appl sci albstadt sigmaringen" "appl sci albstadt sigmaringen univ"
"univ appl sci beuth hsch techn" "appl sci beuth hsch techn univ"
"univ appl sci braunschweig wolfenbuttel" "appl sci braunschweig wolfenbuttel univ"
"univ appl sci bremerhaven" "appl sci bremerhaven univ"
"univ appl sci chem & biotechnol" "appl sci chem biotechnol univ"
"univ appl sci darmstadt" "appl sci darmstadt univ"
"univ appl sci fh" "appl sci fh univ"
"univ appl sci fh jena" "appl sci fh jena univ"
"univ appl sci fh wedel" "appl sci fh wedel univ"
"univ appl sci fresenius" "appl sci fresenius univ"
"univ appl sci giessen" "appl sci giessen univ"
"univ appl sci htw berlin" "appl sci htw berlin univ"
"univ appl sci lausitz" "appl sci lausitz univ"
"univ appl sci mainz" "appl sci mainz univ"
"univ appl sci munchen" "appl sci munchen univ"
"univ appl sci oldenburg ostfriesland wilhelmshave" "appl sci oldenburg ostfriesland wilhelmshave univ"
"univ appl sci ravensburg weingarten" "appl sci ravensburg weingarten univ"
"univ appl sci regensburg" "appl sci regensburg univ"
"univ appl sci stralsund syst engn & informat mana" "appl sci stralsund syst engn informat mana univ"
"univ appl sci ulm" "appl sci ulm univ"
"univ appl sci weihenstephan" "appl sci weihenstephan univ"
"univ armed forces" "armed forces univ"
"univ armed forces munich" "armed forces munich univ"
"univ augenklin bochum" "augenklin bochum univ"
"univ augenklin frankfurt" "augenklin frankfurt univ"
"univ augenklin gottingen" "augenklin gottingen univ"
"univ augenklin halle saale" "augenklin halle saale univ"
"univ augenklin heidelberg" "augenklin heidelberg univ"
"univ augenklin leipzig" "augenklin leipzig univ"
"univ augenklin lubeck" "augenklin lubeck univ"
"univ augenklin magdeburg" "augenklin magdeburg univ"
"univ augenklin munster" "augenklin munster univ"
"univ augenklin rostock" "augenklin rostock univ"
"univ augenklin wurzburg" "augenklin wurzburg univ"
"univ augsburg expt phys 1" "augsburg expt phys univ"
"univ bibliothek johann christian senckenberg" "bibliothek johann christian senckenberg univ"
"univ braunschweig tu" "braunschweig tu univ"
"univ breast unit heidelberg" "breast unit heidelberg univ"
"univ cardiovasc ctr freiburg" "cardiovasc ctr freiburg univ"
"univ cardiovasc ctr freiburg bad krozingen" "cardiovasc ctr freiburg bad krozingen univ"
"univ cau kiel" "cau kiel univ"
"univ children s hosp" "children s hosp univ"
"univ childrens hosp dresden" "childrens hosp dresden univ"
"univ childrens hosp greifswald" "childrens hosp greifswald univ"
"univ childrens hosp hamburg" "childrens hosp hamburg univ"
"univ childrens hosp leipzig" "childrens hosp leipzig univ"
"univ childrens hosp munich" "childrens hosp munich univ"
"univ clin carl gustav carus" "clin carl gustav carus univ"
"univ clin child & adolescent psychiat" "clin child adolescent psychiat univ"
"univ clin child & adolescent psychiat & psychothe" "clin child adolescent psychiat psychothe univ"
"univ clin dermatol" "clin dermatol univ"
"univ clin frankfurt" "clin frankfurt univ"
"univ clin psychosomat med & psychotherapy" "clin psychosomat med psychotherapy univ"
"univ cologne ewi" "cologne ewi univ"
"univ ctr tumorerkrankungen" "ctr tumorerkrankungen univ"
"univ duisburg essen math" "duisburg essen math univ"
"univ educ freiburg" "educ freiburg univ"
"univ educ karlsruhe" "educ karlsruhe univ"
"univ erlangen med ctr" "erlangen med ctr univ"
"univ erlangen nuremberg fau" "erlangen nuremberg fau univ"
"univ erlangen nurnberg lhft" "erlangen nurnberg lhft univ"
"univ eye clin hamburg" "eye clin hamburg univ"
"univ eye clin mainz" "eye clin mainz univ"
"univ eye hosp regensburg" "eye hosp regensburg univ"
"univ frankfurt" "frankfurt univ"
"univ frauen klin wurzburg" "frauen klin wurzburg univ"
"univ frauenklin dresden" "frauenklin dresden univ"
"univ frauenklin erlangen" "frauenklin erlangen univ"
"univ frauenklin essen" "frauenklin essen univ"
"univ frauenklin frankfurt am main" "frauenklin frankfurt am main univ"
"univ frauenklin hamburg eppendorf" "frauenklin hamburg eppendorf univ"
"univ frauenklin martin luther univ halle wittenbe" "frauenklin martin luther halle wittenbe univ"
"univ frauenklin tubingen" "frauenklin tubingen univ"
"univ frauenklin ulm" "frauenklin ulm univ"
"univ frauenklin wurzburg" "frauenklin wurzburg univ"
"univ friedensau" "friedensau univ"
"univ giessen lung ctr uglc" "giessen lung ctr uglc univ"
"univ gotinga" "gotinga univ"
"univ hals nasen ohren klin heidelberg" "hals nasen ohren klin heidelberg univ"
"univ hautklin" "hautklin univ"
"univ hautklin heidelberg" "hautklin heidelberg univ"
"univ hautklin mainz" "hautklin mainz univ"
"univ hautklin tubingen" "hautklin tubingen univ"
"univ heart ctr freiburg bad krozingen" "heart ctr freiburg bad krozingen univ"
"univ heart ctr hamburg eppendorf" "heart ctr hamburg eppendorf univ"
"univ hno klin regensburg" "hno klin regensburg univ"
"univ hohenheim 380" "hohenheim univ"
"univ hohenheim 480a" "hohenheim a univ"
"univ hosp & comprehens canc ctr" "hosp comprehens canc ctr univ"
"univ hosp aachen uka" "hosp aachen uka univ"
"univ hosp children & adolescent med ulm" "hosp children adolescent med ulm univ"
"univ hosp eppendorf uke" "hosp eppendorf uke univ"
"univ hosp erlangen nuremberg" "hosp erlangen nuremberg univ"
"univ hosp essen germany" "hosp essen germany univ"
"univ hosp frankfurt am main" "hosp frankfurt am main univ"
"univ hosp freiberg" "hosp freiberg univ"
"univ hosp koln" "hosp koln univ"
"univ hosp med ctr" "hosp med ctr univ"
"univ hosp munich grosshadern" "hosp munich grosshadern univ"
"univ hosp munich innenstadt" "hosp munich innenstadt univ"
"univ hosp paediat" "hosp paediat univ"
"univ hosp pediat" "hosp pediat univ"
"univ hosp radiooncol" "hosp radiooncol univ"
"univ hosp rechts isar munich" "hosp rechts isar munich univ"
"univ hosp rhein westfal tech hsch aachen" "hosp rhein westfal tech hsch aachen univ"
"univ hosp rwth aachcn" "hosp rwth aachcn univ"
"univ hosp schleswig" "hosp schleswig univ"
"univ hsop schleswig holstein" "hsop schleswig holstein univ"
"univ inst radiol" "inst radiol univ"
"univ kiel germany" "kiel germany univ"
"univ kinder klin munster" "kinder klin munster univ"
"univ kinderklin & poliklin" "kinderklin poliklin univ"
"univ kinderklin frankfurt main" "kinderklin frankfurt main univ"
"univ kinderklin heidelberg" "kinderklin heidelberg univ"
"univ kinderklin koln" "kinderklin koln univ"
"univ kinderklin leipzig" "kinderklin leipzig univ"
"univ kit" "kit univ"
"univ klin & hsch ambulanz hals nasen ohren heilku" "klin hsch ambulanz hals nasen ohren heilku univ"
"univ klin & poliklin hals nasen ohren heilkunde k" "klin poliklin hals nasen ohren heilkunde k univ"
"univ klin & poliklin innere med 2" "klin poliklin innere med univ"
"univ klin & poliklin kinder & jugendliche" "klin poliklin kinder jugendliche univ"
"univ klin & poliklin kinder & jugendmed" "klin poliklin kinder jugendmed univ"
"univ klin & poliklin kinder & jugendmed ulm" "klin poliklin kinder jugendmed ulm univ"
"univ klin & poliklin urol" "klin poliklin urol univ"
"univ klin aachen" "klin aachen univ"
"univ klin frankfurt" "klin frankfurt univ"
"univ klin giessen & marburg gmbh" "klin giessen marburg gmbh univ"
"univ klin hno heilkunde" "klin hno heilkunde univ"
"univ klin kinder & jugendmed frankfurt" "klin kinder jugendmed frankfurt univ"
"univ klin kinder & jugendmed ulm" "klin kinder jugendmed ulm univ"
"univ klin magdeburg" "klin magdeburg univ"
"univ klin neurol" "klin neurol univ"
"univ klin psychiat & psychotherapie" "klin psychiat psychotherapie univ"
"univ klin rostock" "klin rostock univ"
"univ klin schleswig holstein" "klin schleswig holstein univ"
"univ klinderklin" "klinderklin univ"
"univ kliniken marburg & giessen" "kliniken marburg giessen univ"
"univ kliniken tubingen" "kliniken tubingen univ"
"univ klinikum benjamin franklin" "klinikum benjamin franklin univ"
"univ klinikum fsu jena" "klinikum fsu jena univ"
"univ klinikum giessen & marburg standort marburg" "klinikum giessen marburg standort marburg univ"
"univ klinikum giessen marburg gmbh" "klinikum giessen marburg gmbh univ"
"univ klinikum hamatol onkol" "klinikum hamatol onkol univ"
"univ klinikum homburg saar" "klinikum homburg saar univ"
"univ klinikum kinder & jugendpsychiat psychothera" "klinikum kinder jugendpsychiat psychothera univ"
"univ klinikum otto von guericke univ magdeburg" "klinikum otto von guericke magdeburg univ"
"univ klinikum rwth" "klinikum rwth univ"
"univ klinikum sh" "klinikum sh univ"
"univ klinikum ulm frauenklin" "klinikum ulm frauenklin univ"
"univ klinikums heidelberg" "klinikums heidelberg univ"
"univ klinikums munster" "klinikums munster univ"
"univ klinikums wurzburg" "klinikums wurzburg univ"
"univ klinium erlange" "klinium erlange univ"
"univ kobe landau" "kobe landau univ"
"univ krankenhaus hamburg eppendorf" "krankenhaus hamburg eppendorf univ"
"univ leipzig herzzentrum" "leipzig herzzentrum univ"
"univ management & commun potsdam" "management commun potsdam univ"
"univ med ctr eppendorf hamburg" "med ctr eppendorf hamburg univ"
"univ med ctr hambrug eppendorf" "med ctr hambrug eppendorf univ"
"univ med ctr schleswig holstein kiel" "med ctr schleswig holstein kiel univ"
"univ med sch" "med sch univ"
"univ med sch schleswig holstein" "med sch schleswig holstein univ"
"univ munich campus grosshadern" "munich campus grosshadern univ"
"univ munich grosshaden" "munich grosshaden univ"
"univ munich klinikum" "munich klinikum univ"
"univ observ jena" "observ jena univ"
"univ observ munich" "observ munich univ"
"univ observ munich usm" "observ munich usm univ"
"univ outpatient clin potsdam" "outpatient clin potsdam univ"
"univ pediat hosp" "pediat hosp univ"
"univ regensberg" "regensberg univ"
"univ regensburg hosp" "regensburg hosp univ"
"univ rostock ev" "rostock ev univ"
"univ saarbruecken" "saarbruecken univ"
"univ saarlands" "saarlands univ"
"univ siegen chem biol fb 8" "siegen chem biol fb univ"
"univ sternwarte" "sternwarte univ"
"univ sternwarte jena" "sternwarte jena univ"
"univ sternwarte muenchen" "sternwarte muenchen univ"
"univ sternwarte munchen" "sternwarte munchen univ"
"univ sternwarte munich" "sternwarte munich univ"
"univ stuttgart itw" "stuttgart itw univ"
"univ technol carolo wilhelmina braunschweig" "technol carolo wilhelmina braunschweig univ"
"univ technol dortmund" "technol dortmund univ"
"univ technol tuhh" "technol tuhh univ"
"univ witten" "witten univ"
"univ womens hosp" "womens hosp univ"
"univ zahnklin mainz" "zahnklin mainz univ"
"univ zoln" "zoln univ"
univet "et univ"
"urol univ klin" "urol klin univ"
"urol univ klin & poliklinik" "urol klin poliklinik univ"
"urol univ klin dusseldorf" "urol klin dusseldorf univ"
"urol univ klin heidelberg" "urol klin heidelberg univ"
"urol univ klin mannheim" "urol klin mannheim univ"
"w german protontherapy ctr univ essen" "w german protontherapy ctr essen univ"
"weatfaelian wilhelms univ muenster" "weatfaelian wilhelms muenster univ"
"weihenstephan triesdorf univ appl sci" "weihenstephan triesdorf appl sci univ"
"wildau univ appl sci" "wildau appl sci univ"
"wilhelms univ muenster" "wilhelms muenster univ"
"wuerzburg univ" "wuerzburg univ"
"zahedan univ med sci" "zahedan med sci univ"
"zentrum biochem & mol zellbiol univ med" "zentrum biochem mol zellbiol med univ"
"zeppelin univ friedrichshafen" "zeppelin friedrichshafen univ"
